filename, no seatbelt
xyzabc-215-_jpeg.rf.cf28057da376802f0e3098af9edf1156.jpg, 1
xyzabc-253-_jpeg.rf.cbe3ef074282863ddc4f911fa569accc.jpg, 1
WhatsApp-Image-2022-01-01-at-9-10-03-PM-2-_jpeg.rf.cf48973dd6cadf33a9517c9e99e42ad7.jpg, 1
n28_PNG_jpg.rf.cd549fc0390c3469ac82600c53d3ae65.jpg, 1
frame26-152-_jpg.rf.cea6815ed86b4d7e59c1c042dcab94ca.jpg, 1
noseatbelt4_jpeg_jpg.rf.d00e94083035a7105ff00ab30130dc44.jpg, 1
WhatsApp-Image-2022-02-17-at-9-12-29-PM-1-_jpeg.rf.cb8b87e08fa1e8998c9113d34cc7c7b3.jpg, 1
IMG_8481_jpeg_jpg.rf.cd6af8236af317df61b39b21616beb99.jpg, 1
WhatsApp-Image-2022-02-05-at-10-37-44-PM-1-_jpeg.rf.cbaf65d6625e81badaa138b82396fa23.jpg, 1
nlnlvbdhb_jpg.rf.cf216c3973cb242b65594dda3a827c6f.jpg, 1
WhatsApp-Image-2022-02-22-at-11-58-56-PM_jpeg.rf.cf8e2edea8c01d40e4adeacfceca2cdd.jpg, 1
frame280-126-_jpg.rf.ce951f2321ef230491c910a43abf9009.jpg, 1
WhatsApp-Image-2022-01-08-at-12-06-21-AM-3-_jpeg.rf.cbb4dc174c5ca65bce0e88807ad8e543.jpg, 1
IMG_8179_jpeg_jpg.rf.cddbc49b5ee5bef51dac31c1655ba741.jpg, 1
seatbelt359_jpeg_jpg.rf.cf86d0f06447ca3e40a82e29e4eddd51.jpg, 1
abc-207-_png.rf.cbe89eeb96116316535f0f1abc9d52ac.jpg, 1
WhatsApp-Image-2022-01-08-at-12-14-04-AM-7-_jpeg.rf.ce9cea2982fbf8b167d0c39392236981.jpg, 1
abc-219-_png.rf.cbdbd103c59bb87ccfbc5383f6ba4ff9.jpg, 1
xyzabc-41-_png.rf.ce59187ad4a2f2444705c6a69cf23a6c.jpg, 1
WhatsApp-Image-2022-01-07-at-11-59-05-PM-1-_jpeg.rf.cca562c43bc250b4b30cccd4b344ebf3.jpg, 1
15-MaleGlasses_mp4-1_jpg.rf.ccfcd83fe0ebc9ed390bb6ad4fe19d56.jpg, 1
WhatsApp-Image-2021-12-19-at-11-41-59-AM-1-_jpeg.rf.cfd479aaa074b89f885d6de25d296a33.jpg, 1
frame26-77-_jpg.rf.cc2cc60e394505e6fe55a8cd5297bc47.jpg, 1
abc-203-_png.rf.cda7b2ea7369d6ba86b41170ba9ee8ae.jpg, 1
image000001_jpg.rf.d061f5812615cb81491984b93f3330e5.jpg, 1
frame61-58-_jpg.rf.d0723f38436dfd9b385424cfb13437b8.jpg, 1
153_jpeg.rf.d13dad63696ff44881e79dd9fedcaaec.jpg, 1
xyzabc-20-_png.rf.d1183558ed507e54c07143046c4101d5.jpg, 1
100k_PNG_jpg.rf.d1d2221241256ea0e73ae18924553546.jpg, 1
frame177-84-_jpg.rf.d1561007f92cd23a2c02b868858c4bee.jpg, 1
WhatsApp-Image-2022-01-01-at-9-10-27-PM_jpeg.rf.d225b9d65e5a040980db3a0ac702c19a.jpg, 1
WhatsApp-Image-2022-01-01-at-9-11-06-PM-1-_jpeg.rf.d18fdef8009c8396f210e69b06441817.jpg, 1
nonseatbelt3_82_jpg.rf.d1e469176137e7db6bbfe2dffb52c6bd.jpg, 1
N145-G_jpeg.rf.d0f45c56489087d4b6383408830e94eb.jpg, 1
abc-20-_png.rf.d16dc0a9cf3182e3eee3327f2e3313ec.jpg, 1
WhatsApp-Image-2021-12-10-at-11-29-45-PM_jpeg.rf.d551faaf735a10c15d5c7d6ce9b668d2.jpg, 1
n42_PNG_jpg.rf.d448ac4ed8c12cf440e770a623b5dda6.jpg, 1
abc-177-_png.rf.d56b0658cb88d745a35908cb03e7ce70.jpg, 1
10011_jpg.rf.d31c467e1c69b4ebb60f785f5ca39c21.jpg, 1
frame278-125-_jpg.rf.d6b9a379d88749a5e15c1f55e862bf78.jpg, 1
abc-100-_png.rf.d51becf1c83ba8ab5eabd354de124d75.jpg, 1
abc-133-_png.rf.d70450a178ef68c446b589c4af374951.jpg, 1
frame47-24-_jpg.rf.d2c2485c47a6e3996dedbd7d6f990a34.jpg, 1
xyzabc-296-_jpeg.rf.d715b51c6cf2ba41ad13bd22b3843418.jpg, 1
xyzabc-50-_jpeg.rf.d42af1614b271c7b9d534f5e927bfba4.jpg, 1
abc-57-_png.rf.d7ccf0fd90490a61345262520c7590a9.jpg, 1
abc-195-_png.rf.d804bec703a8d5ec9cf9c48cdd35b4c5.jpg, 1
abc-75-_png.rf.d7f4f2c4db3c7b8a27f1e295476b68f1.jpg, 1
xyzabc-194-_jpeg.rf.d8e091cd04f9cb472397a79fd75cdffd.jpg, 1
xyzabc-17-_png.rf.d7ab83f022f40a0aef71ff72817a252b.jpg, 1
WhatsApp-Image-2022-02-17-at-9-02-40-PM-1-_jpeg.rf.d68c1dceda7872f2a8728071582941c1.jpg, 1
n150_PNG_jpg.rf.d91b20dbaaf872f020676fae62c035ca.jpg, 1
xyzabc-6-_png.rf.d82fb07061769aa7a39c88e9854106a3.jpg, 1
selfieincar161_jpeg_jpg.rf.d94a6f58fd47549b00f5796fd1e23106.jpg, 1
n153_PNG_jpg.rf.d9a39155ee58c4b744f1b98365b1586e.jpg, 1
abc-209-_png.rf.d9270d2eb4191f82b9ef948957f701b9.jpg, 1
nonseatbelt1_99_jpg.rf.d8d2b596457c21fba404a0a33f0dad0b.jpg, 1
N26_jpeg.rf.db35668371dfce45058a2f507569148d.jpg, 1
IMG_8062_jpeg_jpg.rf.dbe9b3869442da09045266046333ef8f.jpg, 1
xyzabc-71-_png.rf.dac958e79c8fa4fb6bc503f01d14bea3.jpg, 1
frame56-52-_jpg.rf.dc13d9b392fbc2e15c1c7368d42cdd76.jpg, 1
WhatsApp-Image-2022-02-17-at-9-01-32-PM-1-_jpeg.rf.dd202c6bde3bdd1ad1ef20a626849c45.jpg, 1
xyzabc-25-_png.rf.dbe5414a6fc717b9d99b58bba1f685e6.jpg, 1
abc-115-_png.rf.dc2446b296f1796503dd9cf1ae4857c1.jpg, 1
selfieincar163_jpeg_jpg.rf.deef6f74e53de09239a2c870c8defb4b.jpg, 1
frame267-135-_jpg.rf.de724cd9ae4c4882d79b1c4c43583d5a.jpg, 1
frame187-17-_jpg.rf.dda6b403752a8cf11856604a25742e60.jpg, 1
frame0-96-_jpg.rf.dfa578e3bd34c2462bdab66b6a989428.jpg, 1
frame0-112-_jpg.rf.df5f1efba183c62502e438db58b9d12a.jpg, 1
seatbeltselfie139_jpeg_jpg.rf.df877ba593b07e18517deef8497e8ed1.jpg, 1
IMG_8093_jpeg_jpg.rf.de700d1109adcb6f0fdc843d22b33f5f.jpg, 1
xyzabc-4-_png.rf.dd36720fb5b7415462462da7e0a0baa2.jpg, 1
n133_PNG_jpg.rf.e018cf412f2bc4ae741d9478be975ce5.jpg, 1
WhatsApp-Image-2022-02-23-at-12-11-57-AM_jpeg.rf.e013548d48308d1d734277e570128502.jpg, 1
abc-42-_png.rf.e10cc1509e567c9b7d038d8ea3724007.jpg, 1
WhatsApp-Image-2021-12-19-at-11-41-26-AM_jpeg.rf.e050f27105ae8c2dd20abdb2053fd472.jpg, 1
2k_jpg.rf.e01d368500d473e317aec4cdeb06523f.jpg, 1
N5_jpeg.rf.e134c82586d7b0a57b9a2f306cc9ae4c.jpg, 1
noseatbelt20_jpeg_jpg.rf.e13bb9073f485395948cfe9b16b0f458.jpg, 1
abc-3-_png.rf.e1bd683079529a24401b87e017e7eace.jpg, 1
xyzabc-316-_jpeg.rf.e1e088df6fea027b18e0b978ff72123e.jpg, 1
frame85-69-_jpg.rf.e160da58bbe49f152d5647237bdc7242.jpg, 1
frame2-73-_jpg.rf.e2955d3b60a1bad4a550db1a606ff883.jpg, 1
N141-G_jpeg.rf.e3b1ceae86c11efed1acf4bf9108fa41.jpg, 1
abc-85-_png.rf.e3cdc86506b0546df2406db6a56b64e7.jpg, 1
68_jpeg.rf.e3e2bca1322d78071fdfb855388971dd.jpg, 1
images-20-_jpg.rf.e2fc3852b6eced88c0c95f71f54eb166.jpg, 1
WhatsApp-Image-2022-02-17-at-9-03-43-PM_jpeg.rf.e263411d75138868181bc34a27d520b4.jpg, 1
WhatsApp-Image-2022-01-08-at-12-07-21-AM-4-_jpeg.rf.e3c0e651002f2288d70767d9cf0782a5.jpg, 1
107k_jpg.rf.e41139a40b6b9041447f287b1293960a.jpg, 1
WhatsApp-Image-2022-01-08-at-12-15-22-AM-7-_jpeg.rf.e40031784a7e287e32c8331dc6b9517d.jpg, 1
WhatsApp-Image-2022-01-08-at-12-13-36-AM-5-_jpeg.rf.e41620751fb3e1a86bf93fa9681590fb.jpg, 1
xyzabc-170-_jpeg.rf.e48362f3a57cf76067135655fe2bad54.jpg, 1
xyzabc-77-_png.rf.e5213aa0ffb9f4385d718c4f951919bf.jpg, 1
frame15-47-_jpg.rf.e42ebcbc03e5a2f546be27d8040ae90d.jpg, 1
xyzabc-14-_png.rf.e4b751816631ead32de305ecccf4e523.jpg, 1
46_jpeg.rf.e63b0c515e5b59145238bf2b6f70b866.jpg, 1
selfieincar33_jpeg_jpg.rf.e6e44e92991ac9c77b1e9c2c40318415.jpg, 1
frame351-122-_jpg.rf.e6053800e258fdfefeec05133061253c.jpg, 1
WhatsApp-Image-2022-02-17-at-9-00-48-PM_jpeg.rf.e731fcc607e53383ffd15173db76a3e9.jpg, 1
abc-118-_png.rf.e57a6150758e815d51182e9b141f9ccf.jpg, 1
noseatbelt100_jpeg_jpg.rf.e41a99e00141fda5dcd817b2fc6ef0eb.jpg, 1
WhatsApp-Image-2022-02-05-at-10-39-20-PM_jpeg.rf.e6b555b85b13739b6812447d0cf1e762.jpg, 1
N153-G_jpeg.rf.e65a647b3ecbb6a430f10f94c172925e.jpg, 1
WhatsApp-Image-2022-01-08-at-12-16-38-AM-7-_jpeg.rf.e73640699a57cb66efca04670795a9a7.jpg, 1
N111-G_jpeg.rf.e6221d91822febb8803763c7156f915b.jpg, 1
WhatsApp-Image-2021-12-10-at-11-34-16-PM-2-_jpeg.rf.e7d71f11f88659e08a96725d0fbed099.jpg, 1
abc-7-_png.rf.e7f1aeb8a2a90d5cf4712acd990a2900.jpg, 1
noseatbelt100_jpeg_jpg.rf.e8152fa8bbebb262f663b70e07c83d09.jpg, 1
xyzabc-79-_png.rf.e82bea2024b8f6dd23d2b28f75ef7451.jpg, 1
abc-226-_png.rf.e8afdc827fe61fad25681eb6dc91b55f.jpg, 1
175_jpeg.rf.e9dbe98bdef3087fe32f63c9dee8bc1f.jpg, 1
WhatsApp-Image-2022-01-08-at-12-15-21-AM-9-_jpeg.rf.e9e05ea9511c19054121595bba0f246a.jpg, 1
seatbeltselfie46_jpeg_jpg.rf.e8a2f5a92cdb6d086dc00e072d49255b.jpg, 1
WhatsApp-Image-2021-12-10-at-11-29-44-PM-2-_jpeg.rf.ea4aad47522a0775469985fa523e493b.jpg, 1
frame221-86-_jpg.rf.eac94b4b4595db8c78bb72a45b5d25b1.jpg, 1
abc-183-_png.rf.e89e42b5d3c053f21cda66c5eac2b389.jpg, 1
abc-181-_png.rf.eb1a27ff4512b05a6472da155bb3a2f9.jpg, 1
xyzabc-157-_jpeg.rf.eaec2c4b306d152e00f4362fc98d4027.jpg, 1
abc-14-_png.rf.eb02c5ff5b29d76f326c00abd2c3e1bd.jpg, 1
xyzabc-56-_png.rf.eb2e0100fb7f6a5e99ba0249a2f78784.jpg, 1
xyzabc-288-_jpeg.rf.eb51c8e05c7cc8890638f13f552e3052.jpg, 1
abc-215-_png.rf.ebba81fd26d5ace6739a2821a24f4dfc.jpg, 1
abc-198-_png.rf.ec43278635a534293328a97a97fbf90a.jpg, 1
xyzabc-13-_jpeg.rf.ecf4b81c32c8bf7c7d3ea8cbd530b3dc.jpg, 1
WhatsApp-Image-2021-12-19-at-11-40-16-AM-1-_jpeg.rf.ed86026a64b11389380bcaf85add3c4d.jpg, 1
peopleincars79_jpeg_jpg.rf.ed182e83450e0efe7839d1f1a1bc6271.jpg, 1
xyzabc-146-_jpeg.rf.ec6aa474458cc87a0ee012470df124ab.jpg, 1
n109_PNG_jpg.rf.ec39f7c00b9a493c4a6a4803aa469c39.jpg, 1
WhatsApp-Image-2022-02-17-at-9-00-55-PM_jpeg.rf.ed195356c09295f12be8651f685579e6.jpg, 1
selfieincar93_jpeg_jpg.rf.eed612bd9babc66435e9b6d2efad6793.jpg, 1
IMG_8187_jpeg_jpg.rf.ee9ee100ae6d87e8eb78163142ff952a.jpg, 1
noseatbelt40_jpeg_jpg.rf.effcfed05f1039da24587515b1840595.jpg, 1
PXL_20220916_125047636_jpg.rf.f030ffd15a7800c7e6c517910d2d5f85.jpg, 1
xyzabc-238-_jpeg.rf.f0ace7d974b9642b3106f6114ad7c0ae.jpg, 1
frame305-95-_jpg.rf.ef47497c74fcb656ed0c91da37fba81a.jpg, 1
WhatsApp-Image-2022-02-23-at-12-11-40-AM_jpeg.rf.f0de5d6a95d3f082c9115dc1c1245dca.jpg, 1
abc-145-_png.rf.ef093c19ac45e04d2b76ec4f07993795.jpg, 1
cardriver3_jpeg_jpg.rf.edf697a3ea0a41419c61ee178b626c4f.jpg, 1
WhatsApp-Image-2022-01-08-at-12-16-11-AM-7-_jpeg.rf.f152927394f3ea05f1b90e292ea1d7a1.jpg, 1
n135_PNG_jpg.rf.f0b50beba3940f267b5f726ebcf4813a.jpg, 1
xyzabc-113-_jpeg.rf.f2188834811f8fe13462e2be0b7eed8d.jpg, 1
abc-172-_png.rf.f1572f27cd376bd2804775f85a9c926a.jpg, 1
WhatsApp-Image-2022-02-23-at-12-10-54-AM-1-_jpeg.rf.f10202235265db234e5befb145d3b39c.jpg, 1
frame350-122-_jpg.rf.f17032f0b1bacfeb2e4de2b32faaf1f8.jpg, 1
xyzabc-49-_png.rf.f227e45f828c76c8e8931842372385a7.jpg, 1
peopledriving17_png_jpg.rf.f2c8be0c9a983b7062ec1d91bf197c7f.jpg, 1
xyzabc-40-_png.rf.f3904f6ec0e404e6efad189c73f5c756.jpg, 1
WhatsApp-Image-2022-02-23-at-12-10-18-AM-13-_jpeg.rf.f31a99d4694faa4b7e65a549b23200b2.jpg, 1
xyzabc-293-_jpeg.rf.f29e00f60157c28d095cb3d999f91935.jpg, 1
frame144-64-_jpg.rf.f4b2e04c6fbcf6ae091e4f0ec34279b9.jpg, 1
xyzabc-68-_png.rf.f47c9ed19be5c2ebab340683df9d061a.jpg, 1
xyzabc-47-_png.rf.f3a1475b20a68a74944607c134183763.jpg, 1
n132_PNG_jpg.rf.f504eceb965c4a3230a422ef3e6550e5.jpg, 1
noseatbelt30_jpeg_jpg.rf.f5129ff8147fa1e29888e3111e1848b5.jpg, 1
29k_jpg.rf.f548e21a3655a0b708fa27bc1f634e02.jpg, 1
45k_jpg.rf.f6f37a11cf38a8d776d7c54f2e38c702.jpg, 1
WhatsApp-Image-2022-02-17-at-9-06-19-PM-1-_jpeg.rf.f68dcf9d26408d8f3695ec45ab1e9aa3.jpg, 1
frame12-37-_jpg.rf.f53620d502ad0931b6583d9f33512aef.jpg, 1
78_jpeg.rf.f5bae308226415915f545058427aaf5d.jpg, 1
xyzabc-76-_png.rf.f892cab0b36092eb12781840e339e2bb.jpg, 1
frame31-110-_jpg.rf.f89a590f9f520908ace39fce3db118b7.jpg, 1
carpassenger38_jpeg_jpg.rf.f77629b518b123e6a8c87fc7c421a08c.jpg, 1
nonseatbelt1_98_jpg.rf.f85527fb77f619b7bffa766096b5883a.jpg, 1
frame72-150-_jpg.rf.f668c65f831685f1df194901e87db71d.jpg, 1
abc-63-_png.rf.f8fa3caf156bace419f4550ac0f9bea9.jpg, 1
WhatsApp-Image-2022-02-23-at-12-12-50-AM_jpeg.rf.f9a979cf306c1294f3350b101c4fa2ea.jpg, 1
xyzabc-297-_jpeg.rf.f8e5c6acd7be59c66fcc24c8620b6440.jpg, 1
frame308-27-_jpg.rf.f98fa1da940168590a6f23091e70d21d.jpg, 1
WhatsApp-Image-2022-01-08-at-12-00-26-AM-2-_jpeg.rf.fac0f2b976c14938bae483fc1797baf5.jpg, 1
xyzabc-192-_jpeg.rf.fac36c9f14914c678b5f85743ebcc299.jpg, 1
4_jpeg.rf.fa052f1eb534e0ef35288c3342dc3e91.jpg, 1
frame53-61-_jpg.rf.f9e255057aca210eb5dd6b3e5eeaedae.jpg, 1
frame0-110-_jpg.rf.fadd986bd68bef01e2731b08cf28e14d.jpg, 1
nonseatbelt1_59_jpg.rf.fb1e3bd0bf4c6639d6cfa076fa52bd47.jpg, 1
n137_PNG_jpg.rf.fa5b2bcf97ec5c21671a33fcf528b7f8.jpg, 1
WhatsApp-Image-2022-01-01-at-9-10-04-PM-1-_jpeg.rf.faef47692c6e9cf9a92496c269ece829.jpg, 1
abc-2-_png.rf.fb2d0c23def0058ab0f312c1041d1ef5.jpg, 1
abc-197-_png.rf.fb5b1537768014c572f257d2b97cd1b8.jpg, 1
WhatsApp-Image-2022-01-08-at-12-16-12-AM-6-_jpeg.rf.fb9f627893d3f6881474c2ec3afbcf24.jpg, 1
WhatsApp-Image-2022-02-23-at-12-11-29-AM-1-_jpeg.rf.fcde4f430ff1a62ce136ad2e0711394a.jpg, 1
frame177-13-_jpg.rf.fc2018ef5f9d575fb0fdc186b5ca529d.jpg, 1
xyzabc-34-_png.rf.fceb225c739ebeb33f12ca4f3117413a.jpg, 1
abc-189-_png.rf.fd03f6c31331a91fb9f4f140cef261d9.jpg, 1
n50_PNG_jpg.rf.fc300a2f35dcdc9839c17ff2220b0d60.jpg, 1
frame25-96-_jpg.rf.fdef09f49b4efb212b6ed162b08826e5.jpg, 1
21k_jpg.rf.ff111bd50ba3d1be2ac5838275c574d7.jpg, 1
frame346-118-_jpg.rf.ffd2cb7da5003ea974a5be199baa9386.jpg, 1
abc-95-_png.rf.fefa02b8705be75ac8959101a2a8f661.jpg, 1
WhatsApp-Image-2022-02-23-at-12-10-02-AM-5-_jpeg.rf.ffb7b977a3c1ea370910dd13acfe1a41.jpg, 1
IMG_8085_jpeg_jpg.rf.fdb5771655366e1990c9cc47f96426e0.jpg, 1
abc-5-_png.rf.ffce41e799a1f9494381beb523291c2f.jpg, 1
n55_PNG_jpg.rf.fdf398b85c0fe7ca6d728e109877645d.jpg, 1
WhatsApp-Image-2022-01-08-at-12-04-11-AM-6-_jpeg.rf.89453ddb19d9367fccf976a288b096d3.jpg, 1
WhatsApp-Image-2022-01-01-at-9-10-46-PM-1-_jpeg.rf.8b067d9a77a0b4e35f22e64980acb2b6.jpg, 1
abc-214-_png.rf.8845c6950b76ffb321909dbbf4203f3a.jpg, 1
abc-36-_png.rf.88ce4843128c91cabb64d1cf51982901.jpg, 1
WhatsApp-Image-2022-01-08-at-12-00-19-AM_jpeg.rf.8d1402d4b46c2d6ba00c52a499869337.jpg, 1
xyzabc-198-_jpeg.rf.8663db956397235cfee0d130bd93b99e.jpg, 1
xyzabc-7-_png.rf.854098e18731a3693cf2718863b9d3f7.jpg, 1
n70_PNG_jpg.rf.887dbd5e09719aca2d7ae8836498c8f1.jpg, 1
frame30-148-_jpg.rf.8eded02a2816d68458689e7c0a42fc3b.jpg, 1
WhatsApp-Image-2022-01-12-at-10-40-58-PM-1-_jpeg.rf.891edbadeb4cb28b397a8b80444629f8.jpg, 1
frame355-9-_jpg.rf.87641870ccaf7718756ca0d3de993798.jpg, 1
44k_jpg.rf.852b852e6d78903de7a6aa010220675c.jpg, 1
noseatbelt27_jpeg_jpg.rf.899414d1dc05f17da1dd403d881cae29.jpg, 1
peopledriving17_png_jpg.rf.8709ca1da2cb5d3551cb18a2a1f22653.jpg, 1
frame358-117-_jpg.rf.8bdc2a8dfc4a00ce6e3243be1ced84b6.jpg, 1
seatbeltselfie27_jpeg_jpg.rf.86f27863e8cd78abc27f3119b2b49738.jpg, 1
xyzabc-69-_png.rf.8dd286596c86ee1f764810ec1181e8e9.jpg, 1
WhatsApp-Image-2022-01-08-at-12-15-24-AM-2-_jpeg.rf.88b6e26d9f069688b6d8e7667d621174.jpg, 1
WhatsApp-Image-2022-01-08-at-12-16-38-AM-16-_jpeg.rf.89ed008aa34040a66d738ce870140721.jpg, 1
abc-223-_png.rf.8da2708da33268042c17e009c925ad41.jpg, 1
xyzabc-44-_png.rf.8810042740408c914b50558432df5e1e.jpg, 1
WhatsApp-Image-2022-02-05-at-11-27-24-PM_jpeg.rf.8cf2f26983849b6497cc50a329568b05.jpg, 1
WhatsApp-Image-2022-02-17-at-9-04-11-PM_jpeg.rf.8e1eb37745618a66deda2933aa9d04af.jpg, 1
WhatsApp-Image-2022-01-08-at-12-17-02-AM-11-_jpeg.rf.86e21aa760400d8e751a39e718432791.jpg, 1
abc-8-_png.rf.859c7df3d6fd27bde558d0e1833587d6.jpg, 1
cardriver152_jpeg_jpg.rf.8ee6929fdb887e38afe5ed3d3f2cec08.jpg, 1
abc-94-_png.rf.8f2f5753651dff86ba8e2551a1d1e42d.jpg, 1
cardriver162_jpeg_jpg.rf.8fa6870c4448501a9265cb5db3d87000.jpg, 1
n9_PNG_jpg.rf.8edf1bffb6f09ecf88fd6ea7368df01d.jpg, 1
xyzabc-24-_jpeg.rf.8fa21344eb0c4d5b40dd199d3fd9e8f0.jpg, 1
15-MaleGlasses_mp4-5_jpg.rf.8f4a6ccd5384724d55c640bb295fac4e.jpg, 1
abc-204-_png.rf.8fad9c3755cde21808a216baa904935e.jpg, 1
WhatsApp-Image-2022-02-23-at-12-11-01-AM-1-_jpeg.rf.903e0ee64d24601ac6d0d598f4133c1b.jpg, 1
abc-109-_png.rf.8fb8e595176b07fb268558ca2237c4c3.jpg, 1
frame291-95-_jpg.rf.904b160fbe84e21ac7ccb0c0bedc04d4.jpg, 1
frame46-156-_jpg.rf.9090b665fd0135c4aceb0a13103c0278.jpg, 1
hhhhhh_jpg.rf.9082cc27e543af3e922f25a4cd484d8f.jpg, 1
dfbcnt_jpg.rf.91e5172bd56b4d10947f0fd4f581012a.jpg, 1
frame20-72-_jpg.rf.910ac09760d3305f4fe5a20e443328d6.jpg, 1
WhatsApp-Image-2022-02-23-at-12-12-03-AM-2-_jpeg.rf.91d2f7dfc36418e88af81d99608bd759.jpg, 1
xyzabc-59-_png.rf.92b2d354ce17d184b515f02e6a78e0f1.jpg, 1
WhatsApp-Image-2022-01-01-at-9-10-47-PM_jpeg.rf.91effdd2ff315b104484b2ff90163329.jpg, 1
n109_PNG_jpg.rf.9308ac0c6118a8ffa8b0e77044fc27db.jpg, 1
156_jpeg.rf.92456c66cd2108a64182d6c7a87072ba.jpg, 1
peopledriving168_jpeg_jpg.rf.9470e2d0f5e42e8d6be382e63b852159.jpg, 1
xyzabc-8-_jpeg.rf.937248d43bfb8a1f4e4ba196fa969f4b.jpg, 1
WhatsApp-Image-2022-02-17-at-9-04-06-PM-1-_jpeg.rf.93ff4cebe2a3aa0bf2c78582b1aac289.jpg, 1
abc-148-_png.rf.94ce60fde45e321ea99b338d29d3760f.jpg, 1
xyzabc-30-_png.rf.94ef931eb476557fb5a10a4fbe94c141.jpg, 1
WhatsApp-Image-2022-01-08-at-12-13-37-AM-8-_jpeg.rf.959d217c6f8d2211704b1e20eb6cece3.jpg, 1
n136_PNG_jpg.rf.93c7c0e6085665c3e9c8e79a56b60bae.jpg, 1
cardriver3_jpeg_jpg.rf.950817f7fbec61625642fe91f6711511.jpg, 1
xyzabc-33-_jpeg.rf.95be29f853887c9e617fc19dc5e21463.jpg, 1
abc-70-_png.rf.9606cde5eef919b7b4a4280b561a9db7.jpg, 1
N42-G_jpeg.rf.96348968a777e1e5b8bf06c974dc5463.jpg, 1
xyzabc-10-_png.rf.9600268f793087d53f7e1fec73be8d52.jpg, 1
abc-184-_png.rf.973b33a96bedfb988056d027fd95d783.jpg, 1
N69_jpeg.rf.970f41d3ac8fc1eb771e14df89c4c533.jpg, 1
frame18-153-_jpg.rf.96d9589fb7c6bcaa9b015367c0eb24da.jpg, 1
frame106-60-_jpg.rf.96bf88b42f27f07f3eed3cdb98feae6a.jpg, 1
n153_PNG_jpg.rf.97c1404985edcd7f3c3cee5b7017bfea.jpg, 1
frame27-73-_jpg.rf.97e15030534c446e00fe420737eb4477.jpg, 1
WhatsApp-Image-2021-12-19-at-11-41-11-AM_jpeg.rf.97e4fdc07fbfde2b56800664291d17a4.jpg, 1
abc-193-_png.rf.98318abc00bab5aadedda83e61f500b0.jpg, 1
frame15-37-_jpg.rf.982b77cd46169ac728b5c6f3b35dcfe7.jpg, 1
-89k_jpg.rf.98345dd5a9c47e80559c56bbf0127069.jpg, 1
WhatsApp-Image-2022-01-08-at-12-06-23-AM-2-_jpeg.rf.986f821a694b9174e14798cb09227912.jpg, 1
n150_PNG_jpg.rf.9838c31dc647ab1452815d9d6fb446cb.jpg, 1
frame133-87-_jpg.rf.992dd4d073a9120cb58e4f2523bd1912.jpg, 1
N22_jpeg.rf.98aab534f5e438cf771007d96ec3de0c.jpg, 1
abc-9-_png.rf.98fa74af0bb219496a9c06651f77bae2.jpg, 1
frame63-134-_jpg.rf.99adb63359ac9424f3fb0b5b366d4de5.jpg, 1
frame21-158-_jpg.rf.97bf11f98cd2fc3c4680b491cd321185.jpg, 1
42_jpeg.rf.9a5210d350dc5072109b6342ca807c0c.jpg, 1
abc-47-_png.rf.99b80983970efb5caeb902584fa58520.jpg, 1
peopleincars21_jpeg_jpg.rf.9a3adcc3711c5a52d6e08f6edf70529a.jpg, 1
noseatbelt149_jpeg_jpg.rf.9ab957d4c57033f9eb414f66f8518ad4.jpg, 1
164_jpeg.rf.99deda2b36aedc7675629819eb16512d.jpg, 1
abc-121-_png.rf.99cc1cef2f63825afff3976c3028fff5.jpg, 1
carpassenger75_jpeg_jpg.rf.9b75bf596fc16c9a73f687cbe124f5a3.jpg, 1
frame238-86-_jpg.rf.9a8b089cd5847b40ee8fdddc72ff48b1.jpg, 1
WhatsApp-Image_jpeg.rf.9b25fe2223d35e133bba55fa55a44fa2.jpg, 1
abc-180-_png.rf.9c177f272e55553450b0434c0676496a.jpg, 1
WhatsApp-Image-2021-12-10-at-11-30-54-PM_jpeg.rf.9bb73a40a066d68923597e41d1bb5cba.jpg, 1
selfieincar59_jpeg_jpg.rf.9b8023e2c460c512d725c068e160c273.jpg, 1
xyzabc-16-_png.rf.9c112745b4313488804f1f10fe921710.jpg, 1
frame103-67-_jpg.rf.9c6e2dfb5b058aefcdf5f617ed7a845c.jpg, 1
selfieincar118_jpeg_jpg.rf.9c9de8b4ac27905aff24f5c5f441ae00.jpg, 1
abc-159-_png.rf.9d225c71f6d16c65f744692c6b8d260d.jpg, 1
WhatsApp-Image-2022-01-12-at-10-37-13-PM-1-_jpeg.rf.9cd45fde644d7269544c63dcffb66b95.jpg, 1
1_jpeg.rf.9d83e6b196b36971d3e17e5ec256138b.jpg, 1
xyzabc-222-_jpeg.rf.9cd9d739ca960869594d490530759c9b.jpg, 1
nonseatbelt2_23_jpg.rf.9e192456833a0b90770275518d1e78a6.jpg, 1
noseatbelt30_jpeg_jpg.rf.9ef69e2d39d188b39d76b0329ceb2b82.jpg, 1
abc-71-_png.rf.9e1ce6aeb73dac5a158af0df15a9c3aa.jpg, 1
12_jpeg.rf.9e4e6fae8c5e7dbf41d1a873cca11d68.jpg, 1
abc-32-_png.rf.9f8ff124ce7cfbe499c2506648df38dd.jpg, 1
xyzabc-19-_png.rf.9e94f5da78b7120181e6c020082ba1c1.jpg, 1
WhatsApp-Image-2021-12-10-at-11-36-57-PM-1-_jpeg.rf.9fde071d1508e40cac6a57485e93136f.jpg, 1
abc-202-_png.rf.9e17f1e0ce0a76699ebe32c80bacad3b.jpg, 1
WhatsApp-Image-2021-12-10-at-11-34-17-PM-1-_jpeg.rf.9ffcfe39f3f881a841f63c088412c1cc.jpg, 1
WhatsApp-Image-2022-01-07-at-11-59-47-PM-6-_jpeg.rf.a034ef167661c421bd43671f1afadd6e.jpg, 1
IMG_8467_jpeg_jpg.rf.9ee818f89c4481505c99d4b300bba4e3.jpg, 1
WhatsApp-Image-2022-02-23-at-12-10-31-AM-1-_jpeg.rf.a0c1740811df11b54f99749c1a28448b.jpg, 1
abc-107-_png.rf.a0fefc897bbbf3f89208b7047efc8643.jpg, 1
WhatsApp-Image-2022-02-23-at-12-10-37-AM-1-_jpeg.rf.a028f93a137ea8631bdf9b4cda08e343.jpg, 1
-kjdhkjsb-_jpg.rf.a14d9debf00b9d2d63ea8bae2284ff9a.jpg, 1
frame1-156-_jpg.rf.a19d6105c7d0759e36f43f6335b075f9.jpg, 1
WhatsApp-Image-2022-02-17-at-9-04-15-PM-1-_jpeg.rf.a299c83df428d7197f5fe415ac823b1c.jpg, 1
119_jpeg.rf.a3ed13e0cd455fd34cad6e741b993605.jpg, 1
abc-169-_png.rf.a285887c29cd5d9b88648bf2dfc183e8.jpg, 1
frame62-155-_jpg.rf.a3e724990854f801f9761718a88f181f.jpg, 1
frame19-35-_jpg.rf.a48377ff86e8d06bd108f6d271623f44.jpg, 1
xyzabc-5-_png.rf.a4a5685f963d90e00a14047ef601e8dd.jpg, 1
135_jpeg.rf.a47c088c2f6c48f7c840099e56e3263b.jpg, 1
n112_PNG_jpg.rf.a497accfd4d4b05d5d121ecde0635e0e.jpg, 1
xyzabc-9-_png.rf.a5302633c7554edb37b4a29325c2c190.jpg, 1
abc-50-_png.rf.a51f5897e8417ca9a49b77e40c475322.jpg, 1
IMG_8068_jpeg_jpg.rf.a5a25a0330190ede3950338243374eed.jpg, 1
WhatsApp-Image-2022-01-08-at-12-06-09-AM-4-_jpeg.rf.a5f9fa8fdb388f9cb7ab577e80504d35.jpg, 1
xyzabc-64-_png.rf.a55777a62e37e6054714bb540becd8b7.jpg, 1
n27_PNG_jpg.rf.a61cc3b8cfcbdf38f11d501c7fbb3656.jpg, 1
frame96-67-_jpg.rf.a6417ceecd17cd49e6974a71cf58293a.jpg, 1
frame59-61-_jpg.rf.a64481a839d3958317e65fe99ca98cf8.jpg, 1
WhatsApp-Image-2022-02-23-at-12-10-33-AM-6-_jpeg.rf.a6549975b948c77055140952f6deba22.jpg, 1
abc-116-_png.rf.a6c99e471b1800c630e94189a0d1f3a9.jpg, 1
WhatsApp-Image-2022-01-08-at-12-15-46-AM-8-_jpeg.rf.a69cd1f1949528113a47d85c2ff15d12.jpg, 1
selfieincar59_jpeg_jpg.rf.a6fc61770ed4d2ce321c18e6be70ebd4.jpg, 1
frame4-158-_jpg.rf.a69798e95b2d6864957d580c71605c18.jpg, 1
PXL_20220916_125154068_jpg.rf.a700ba65be6ca874a7410ee70d786b28.jpg, 1
selfieincar161_jpeg_jpg.rf.a731abfb779da2a111f1e4e130554ca1.jpg, 1
WhatsApp-Image-2022-01-08-at-12-09-17-AM-2-_jpeg.rf.a7d368206dbbb00c40f3f9a29ebd6505.jpg, 1
IMG_8468_jpeg_jpg.rf.a73d3adf5a05d4194ae32f95ddde0295.jpg, 1
38k_jpg.rf.a86ec7c695b1e0afb867e4d530bc6754.jpg, 1
frame345-92-_jpg.rf.a7f85c93a743b32ea16492219fb48455.jpg, 1
N33-G_jpeg.rf.a8949c0393526f940de5588b69a793c4.jpg, 1
frame71-147-_jpg.rf.a8be7d5be11d44e636d73935e19b54a1.jpg, 1
xyzabc-50-_png.rf.a953111567baa046f428cde591c08a45.jpg, 1
WhatsApp-Image-2022-01-07-at-11-58-56-PM-7-_jpeg.rf.a9eb720197f78c205365dfdeab26d757.jpg, 1
abc-224-_png.rf.a93374674e705eddfb9dd92d444174de.jpg, 1
frame31-153-_jpg.rf.aac882eb350ca6ef7436a73a8425dc4d.jpg, 1
xyzabc-54-_png.rf.aa614048df1900b6482fd3f988cc1b56.jpg, 1
WhatsApp-Image-2022-01-01-at-9-10-48-PM_jpeg.rf.aacfedae0c69573410c8f4c92fdf586d.jpg, 1
selfieincar33_jpeg_jpg.rf.aa36f56557bcec8aa47e2c49db8f9e58.jpg, 1
WhatsApp-Image-2022-01-12-at-10-37-39-PM-1-_jpeg.rf.aae239e3f5c65edf5a970d7d9f68934a.jpg, 1
n25_PNG_jpg.rf.ab192bd725f1123cb816b917aa6d6405.jpg, 1
noseatbelt55_jpeg_jpg.rf.ab6205b6633e3eb4f302c08c39c1c912.jpg, 1
15-MaleGlasses_mp4-4_jpg.rf.ac0d847e425614938477791b015656b6.jpg, 1
WhatsApp-Image-2022-01-12-at-10-37-05-PM-4-_jpeg.rf.ac4a1eb67faefb41505d58c73fbbdd92.jpg, 1
IMG_8477_jpeg_jpg.rf.ac75da483d21fa78c05b10a485f4ecc9.jpg, 1
frame201-88-_jpg.rf.acb2c5cbdf673ca9d5dfaa3d60baa09b.jpg, 1
xyzabc-12-_png.rf.ad955295a7ddbed887fa54d7d2da65e9.jpg, 1
xyzabc-67-_png.rf.ad6ed67fb2ab021e04a9895d2030e9bc.jpg, 1
frame22-149-_jpg.rf.acffb0b4fcc7130167a54bf644f9e559.jpg, 1
xyzabc-315-_jpeg.rf.ac8da561ebc6a73673934619dd6a0717.jpg, 1
nonseatbelt1_61_jpg.rf.add657ddefb8eb4c024c7d63b41ae155.jpg, 1
n75_PNG_jpg.rf.ae182e4593fdefda677ae80adcea6591.jpg, 1
selfieincar101_jpeg_jpg.rf.adcea98c5a6bc3bf4f5384ba2c885196.jpg, 1
-bggt-_jpg.rf.ac5d3e8c13a4794b81db3e381e4cbb13.jpg, 1
xyzabc-37-_png.rf.ae97a766bf5177915af043c09f82387d.jpg, 1
101k_PNG_jpg.rf.afd9c6fbac778f60edd431458612ff63.jpg, 1
abc-175-_png.rf.aeaf845551756790c10d15a3a89c9910.jpg, 1
selfieincar167_jpeg_jpg.rf.add6b11b1d1ef22cce9471a825ab2b8c.jpg, 1
frame0-155-_jpg.rf.b1d2bdc6ff01b186e59f8083cc80ae08.jpg, 1
frame19-73-_jpg.rf.ae38f09c1353b451083daedaf8554d50.jpg, 1
xyzabc-241-_jpeg.rf.b108fcc9ac250ad74d5d7fe0cc40418e.jpg, 1
noseatbelt5_jpeg_jpg.rf.b282c70f68056ef69b1b16d29c439b5f.jpg, 1
n127_PNG_jpg.rf.b13c3ac46f54e9559dda1633290fce09.jpg, 1
frame8-154-_jpg.rf.b0114cc8b3e2a9712f8114eb17e0961e.jpg, 1
xyzabc-13-_png.rf.b231d68be653a35304dee67d4ad3188d.jpg, 1
n45_PNG_jpg.rf.b316fd319d86ebe145ed8d8894a461c6.jpg, 1
drowsy-102_jpg.rf.b2b28cfd4abd2cd93fe4e72246de562e.jpg, 1
abc-66-_png.rf.b32856e020efd0499629c527e6c75cf0.jpg, 1
PXL_20220916_122606888-MP_jpg.rf.b2d4c47896af3b2f876bdfe4f8a53913.jpg, 1
xyzabc-32-_png.rf.b343237a6d1dfaad1ad55885661f6c99.jpg, 1
carpassenger45_jpeg_jpg.rf.b379682e0e6ac22d731611078f57e291.jpg, 1
WhatsApp-Image-2022-02-23-at-12-13-14-AM_jpeg.rf.b387370b0f5d3a8086512589b32a785e.jpg, 1
frame80-47-_jpg.rf.b3b7fbeb66fb83fd4a3e6e44565ca25c.jpg, 1
xyzabc-66-_png.rf.b44b1ad3d3d0771cdaab86243c84441c.jpg, 1
abc-81-_png.rf.b3bf6f209914555067893350a7fb3130.jpg, 1
frame71-148-_jpg.rf.b46bc23b376f6335042ef7d10c29f311.jpg, 1
D24_jpeg.rf.b4c4f76d59f6954ad0a79b7ae4289044.jpg, 1
selfieincar44_jpeg_jpg.rf.b5dfc2104157e7c0484c6d2962cc2735.jpg, 1
iceyy-bv_jpg.rf.b627d61d92e921fccef1166f0ea9f4a1.jpg, 1
frame282-126-_jpg.rf.b4c876e10eb93de0f700873f8975f367.jpg, 1
xyzabc-49-_jpeg.rf.b5f2ab581cfa128d6b265f39e693f073.jpg, 1
WhatsApp-Image-2022-01-08-at-12-08-49-AM-2-_jpeg.rf.b61bcc4f3cd96ac37398dea56059b464.jpg, 1
WhatsApp-Image-2022-01-07-at-11-59-05-PM-6-_jpeg.rf.b71804ba570f5818c2fbb8b05b65040d.jpg, 1
abc-201-_png.rf.b741a5d12bf637c5e7988a44e8bdc0f1.jpg, 1
peopledriving44_jpeg_jpg.rf.b6a54422a28665f025d1881ff78f2105.jpg, 1
xyzabc-45-_png.rf.b72128f382a284d0100d6073a367b104.jpg, 1
-24k_jpg.rf.b9435e1e7a5329d0f9cc69adf53b7665.jpg, 1
nonseatbelt1_94_jpg.rf.b7b09ccdad6a8a55b99eccd7c7291a36.jpg, 1
abc-185-_png.rf.b743e64c6465e26ec4e2f2b88cd477c4.jpg, 1
N107_jpeg.rf.bb0142862152351bc9b5821e1f347691.jpg, 1
frame62-152-_jpg.rf.b910dbede036f1643381956796118539.jpg, 1
frame23-154-_jpg.rf.bb41ae9b876a1a8f77968af1371e679e.jpg, 1
xyzabc-1-_png.rf.bbbb8236898572678d4bae43fdbd853f.jpg, 1
xyzabc-188-_jpeg.rf.bbc0cfeb2714b6ca8be8f761dc55b9df.jpg, 1
D42-G_jpeg.rf.bb9034e1492b330db6ee09d8d15e4e9e.jpg, 1
noseatbelt40_jpeg_jpg.rf.bc424476832f340be82849e1a06a7162.jpg, 1
abc-190-_png.rf.bc5678f88f0b77b538af4b6c081a8acd.jpg, 1
abc-220-_png.rf.bc3c0497f8dd4595b902603e57dd90b1.jpg, 1
frame27-152-_jpg.rf.bccd9ec3e24dd1400a7948311e1fa4fd.jpg, 1
abc-156-_png.rf.bd17fd2491c081f3f75d28b9fb61cf37.jpg, 1
abc-61-_png.rf.bc3a8a9a7859af5c508ecc1301fc39fe.jpg, 1
frame3-107-_jpg.rf.bdc86bb8462638734f3cf22ff7795577.jpg, 1
noseatbelt149_jpeg_jpg.rf.beee0a59677cfe6204fcbb29494befca.jpg, 1
drowsy-168_jpg.rf.bdab68d6072bb7030eb73800c1609845.jpg, 1
abc-174-_png.rf.bdafe890323b0ef14c14c806bea9888e.jpg, 1
frame274-125-_jpg.rf.bdc841db4d1d839134ede1c33ecf14c2.jpg, 1
WhatsApp-Image-2022-02-05-at-10-38-01-PM-1-_jpeg.rf.bd51c828ba829db7e763a5c2ed000305.jpg, 1
xyzabc-46-_png.rf.bf9cf1647da056735e97e3f06e00e53d.jpg, 1
frame35-110-_jpg.rf.bf435a611c276069da472c2df16aadf8.jpg, 1
WhatsApp-Image-2022-02-22-at-11-58-13-PM-1-_jpeg.rf.bf763dbe114e0baec43fb3fa93c4c50f.jpg, 1
abc-88-_png.rf.c0a0be5724bb0eaa7aecca446eaf417c.jpg, 1
frame5-155-_jpg.rf.c0e144ecc8b62111b2d7cd1201f6a392.jpg, 1
WhatsApp-Image-2022-01-08-at-12-14-31-AM-10-_jpeg.rf.c06daaa2315027dcf23a0a8f1d9c905c.jpg, 1
peopleincars16_jpeg_jpg.rf.c081a3d236da1d8da69255593deebc05.jpg, 1
WhatsApp-Image-2022-02-17-at-9-02-06-PM-1-_jpeg.rf.c0eb23f99d76ffb270be2443bf343793.jpg, 1
abc-225-_png.rf.c2052511001292905d02187389d1a7f5.jpg, 1
abc-186-_png.rf.c294730e724555278bfe2af4c7b4c446.jpg, 1
noseatbelt27_jpeg_jpg.rf.c1971f2c7250d65ab714b6cd08da5107.jpg, 1
xyzabc-72-_png.rf.c3f8e17b51adabc25d809700fabb770c.jpg, 1
xyzabc-196-_jpeg.rf.c46a1976403ba94db9ca573e420f3626.jpg, 1
abc-120-_png.rf.bf4f2d757093bd70b3ef21024ec6532d.jpg, 1
peopledriving41_jpeg_jpg.rf.c45407c5a955bc9b394d29db111ee366.jpg, 1
frame49-84-_jpg.rf.c5325fc52010e6905cb69e1314a7e65a.jpg, 1
abc-155-_png.rf.c6526b366232ddc619cd20b9b665f315.jpg, 1
abc-96-_png.rf.c6da0f8a08a703bf4f8ee6b9bc18d490.jpg, 1
WhatsApp-Image-2022-02-17-at-9-01-51-PM_jpeg.rf.c656da3a3a8afdeb25f64a7bfb272273.jpg, 1
noseatbelt18_jpeg_jpg.rf.c681888474fa1d4d8deae39d9b87f5de.jpg, 1
n101_PNG_jpg.rf.c6e942343feb71de06c30ed229d381d4.jpg, 1
abc-77-_png.rf.c7646fb9c5be5a67c7310ce4cdfcdb11.jpg, 1
frame219-86-_jpg.rf.c7f1e6b6162c8eb1d6232348d0b8550f.jpg, 1
127_jpeg.rf.c74dff0372e10b35428d36e543278866.jpg, 1
WhatsApp-Image-2021-12-19-at-11-41-33-AM-1-_jpeg.rf.c4917b84a8ac0395bedcb09c17566cde.jpg, 1
n70_PNG_jpg.rf.c6e3819131fc765cefcac36b6809987e.jpg, 1
N97_jpeg.rf.c9b7812174d46d3382fdecf24aab26a8.jpg, 1
nonseatbelt3_28_jpg.rf.c80bb3393612828b95b667719798112c.jpg, 1
abc-191-_png.rf.c5ba5cd47a02db67049abc5821465267.jpg, 1
abc-218-_png.rf.c7da1749d1ad7c4dbe6b34e0acc2a1ed.jpg, 1
xyzabc-51-_png.rf.c90f1686f3beb745ab698678f35850ae.jpg, 1
xyzabc-35-_png.rf.ca7b670cef5bb8aa0177fd39de37aaaa.jpg, 1
abc-135-_png.rf.c81092a6d85100ae08499e7f5c2878ba.jpg, 1
ksndadqn3_jpg.rf.ca8c59b44d138a527f4d6582f5a0b661.jpg, 1
frame351-87-_jpg.rf.cb590756fe810dfdb8b1b2520df1062c.jpg, 1
WhatsApp-Image-2022-02-17-at-9-03-08-PM-3-_jpeg.rf.c9ec316bb1f01398bf567db7ea8e2ef4.jpg, 1
WhatsApp-Image-2022-01-08-at-12-01-03-AM-4-_jpeg.rf.ca9b8c82266348e4413c18024bd150a3.jpg, 1
abc-142-_png.rf.c853f94091312a5045c6de9991394975.jpg, 1
xyzabc-34-_jpeg.rf.0431c9125beb495a525f8ff8841ff616.jpg, 1
unsafedriver22_jpeg_jpg.rf.07e277458783505ac089e710b0ffb85d.jpg, 1
abc-208-_png.rf.03b6cd25627707b91a148a55899190be.jpg, 1
frame75-67-_jpg.rf.01b385856337743f2f2452dc6eaba499.jpg, 1
nonseatbelt1_48_jpg.rf.0165740dfa4e46483c8f5285e75f8e2b.jpg, 1
145_jpeg.rf.06971c920d796d756ab0a54c1ddb8603.jpg, 1
carpassenger116_jpeg_jpg.rf.05e9e62c30a0d51866efeb5f38257735.jpg, 1
WhatsApp-Image-2022-01-08-at-12-14-05-AM-4-_jpeg.rf.05576c55f8d367fdf8d17a2c9534427b.jpg, 1
frame5-164-_jpg.rf.04e41f91a764b772dacb0b5c5f03c6ee.jpg, 1
WhatsApp-Image-2022-01-08-at-12-01-03-AM-10-_jpeg.rf.03be06db16db2c0e204b621da4bcfc97.jpg, 1
WhatsApp-Image-2022-02-05-at-11-27-58-PM-1-_jpeg.rf.02c63cbc20545d9b69379e331ab6d176.jpg, 1
PXL_20220916_123436434_jpg.rf.02d5f8234e9a3dd063493e5adb65f934.jpg, 1
IMG_8086_jpeg_jpg.rf.00f71a2421f8d1c135c4f3d95e2d70ac.jpg, 1
111_jpeg.rf.07f7438a8e916e0b5453707919e42c47.jpg, 1
107_jpeg.rf.03fbe02f6018a70eeb69f871af854cea.jpg, 1
nonseatbelt3_76_jpg.rf.0386c9f70a2faf6d3ab451f0a7a0c2a3.jpg, 1
n139_PNG_jpg.rf.066afba068e9f0ea069971be55da112e.jpg, 1
abc-12-_png.rf.02bd8cf263e7f2ff451f25aab6c2dfb1.jpg, 1
WhatsApp-Image-2022-01-08-at-12-16-10-AM-1-_jpeg.rf.019c8d9fc5da48d9cb0a46b9bb2f1a1c.jpg, 1
n132_PNG_jpg.rf.0006e3a947c7d6b07a25da4b624fd3e7.jpg, 1
WhatsApp-Image-2022-01-08-at-12-07-19-AM-15-_jpeg.rf.048a3ec3c01d9ceaaf410d7335b98e25.jpg, 1
abc-182-_png.rf.007115d72c4d09c41d708218975e277e.jpg, 1
frame7-164-_jpg.rf.081d82d9dcd79bf939afe1f23497caaf.jpg, 1
noseatbelt5_jpeg_jpg.rf.082f946c9c97d2e771502fba5f1e4751.jpg, 1
WhatsApp-Image-2022-01-12-at-10-39-31-PM-2-_jpeg.rf.03bff13d0c0595a896450a7dce128cb5.jpg, 1
xyzabc-53-_png.rf.08a3fd4ce2d29a0c8fa72894697fd773.jpg, 1
xyzabc-313-_jpeg.rf.08da900fca3b50769834ded3b4a69af8.jpg, 1
IMG_8182_jpeg_jpg.rf.0924a8b222fccf0b9abb50c59e5c5782.jpg, 1
xyzabc-58-_jpeg.rf.090bd5d42d3347a69ff1347b861a2693.jpg, 1
cardriver152_jpeg_jpg.rf.094f8d5253303bb5e30d31af0676a226.jpg, 1
frame276-25-_jpg.rf.0993cbbf2590a2c82519683777019b2a.jpg, 1
xyzabc-36-_png.rf.09c1a7959a804f2747cb66bd4cfbd8bd.jpg, 1
xyzabc-70-_png.rf.0a088940dd3ad624dd956ec4fa198f5c.jpg, 1
IMG_8475_jpeg_jpg.rf.09ac7f44dd90aecff0f26956c172380c.jpg, 1
xyzabc-161-_jpeg.rf.0a3d5f282afe4f6b1050d5e624a35806.jpg, 1
xyzabc-29-_jpeg.rf.0b0dee56c5425eb2707e273f452cfdac.jpg, 1
n108_PNG_jpg.rf.0a5d9472a8d12ba516ede30abe8754b6.jpg, 1
54_jpeg.rf.0a49c5b1a30db9a45510c9f38e81d269.jpg, 1
frame18-154-_jpg.rf.0a121bfb89ab855c9b8f71432fbcfc00.jpg, 1
N70_jpeg.rf.0a9cdab2a6223d224ce783cb16275c2a.jpg, 1
10007_jpg.rf.099f12f0ee71eac3d2e5ee068373c350.jpg, 1
4-FemaleNoGlasses_mp4-12_jpg.rf.0b4162465cdd174ecb5e1269df2e411d.jpg, 1
nonseatbelt3_98_jpg.rf.0b94192bfaa9dc0ddfe1b67b613d88a6.jpg, 1
frame32-152-_jpg.rf.0b54639f01e94890a15b5d3e9f86c84d.jpg, 1
1286876kajeiyru2_jpg.rf.0d3b4b55b1c14c0421b352f5a115373b.jpg, 1
xyzabc-75-_png.rf.0b13cecb4fbca1cfcb518834d151c1cb.jpg, 1
n141_PNG_jpg.rf.0ba886d0e7eddef1280e9ef2cc46cc51.jpg, 1
frame0-156-_jpg.rf.0be35c021b746f4d599ca905286d3670.jpg, 1
xyzabc-21-_jpeg.rf.0d9047f2398df07bf5d8aa8a14c48e1a.jpg, 1
selfieincar104_jpeg_jpg.rf.0e19709e2c9090a3a86642b8b155b548.jpg, 1
noseatbelt4_jpeg_jpg.rf.0e1136f2073530097caf18f15dcb1119.jpg, 1
N127-G_jpeg.rf.0bcfa5bf265b7b83200d303f737474f8.jpg, 1
WhatsApp-Image-2022-02-22-at-11-59-01-PM_jpeg.rf.0ed835facac4f22fecfb1bcde667a04b.jpg, 1
WhatsApp-Image-2022-01-08-at-12-11-35-AM-4-_jpeg.rf.0e45ca110f897f209497ad9796fdd98d.jpg, 1
xyzabc-74-_png.rf.0e7f526880c8477e9fe7a244a20b9a8d.jpg, 1
WhatsApp-Image-2021-12-10-at-11-37-08-PM_jpeg.rf.0dd02964714d25322b715b9c50313eb0.jpg, 1
noseatbelt3_jpeg_jpg.rf.0fe116ddd2e79828375b4b0d05cd1b6f.jpg, 1
frame17-149-_jpg.rf.101d8e729ff3f89d417ea55abee1b5bc.jpg, 1
frame38-156-_jpg.rf.0fe5284dabcaf0477e801b0811417bc5.jpg, 1
abc-140-_png.rf.111e50b44c19a5c7912748be60bf9bec.jpg, 1
awake-555_jpg.rf.100de3368cea3001d43c41a401af8046.jpg, 1
abc-168-_png.rf.1017e4fc7f1773008cbd3af2bb335c98.jpg, 1
WhatsApp-Image-2022-01-08-at-12-14-04-AM-1-_jpeg.rf.1059bfd1305f40a0d346bb66fa8ec852.jpg, 1
WhatsApp-Image-2022-02-23-at-12-10-11-AM_jpeg.rf.11f0aae65e04be5263472132595adbe0.jpg, 1
abc-196-_png.rf.1239e87cf3d562501e0d1a51a1fb041a.jpg, 1
WhatsApp-Image-2022-01-01-at-9-10-19-PM-1-_jpeg.rf.1306392bb342a1013aec23d166a066bf.jpg, 1
WhatsApp-Image-2022-02-17-at-9-04-47-PM_jpeg.rf.1256b102f09a50cb9c81e250f9894fc5.jpg, 1
n28_PNG_jpg.rf.134974a4a93532744e464eb4bd05c766.jpg, 1
xyzabc-80-_png.rf.1156c9a590e1ca96ee7fad2e3cda0da2.jpg, 1
149_jpeg.rf.1437eec66862769b290327670fa3625c.jpg, 1
WhatsApp-Image-2022-01-08-at-12-04-12-AM_jpeg.rf.13cf939cf362bb2b8681cd7b1b0c7eef.jpg, 1
WhatsApp-Image-2022-01-08-at-12-12-45-AM_jpeg.rf.136bc156b1d303bd6e47f8a3b7598ad0.jpg, 1
abc-41-_png.rf.14234f0070b19c2d6863b9518d2f9258.jpg, 1
frame59-52-_jpg.rf.147a5d49785ab09e8efee9e5576ef7b2.jpg, 1
frame69-150-_jpg.rf.156e1e4f3c52a32ce64eba8129b872ca.jpg, 1
frame62-61-_jpg.rf.14c2e8fc1fc1ac23b790fcd8061ed227.jpg, 1
seatbeltselfie139_jpeg_jpg.rf.15ba582122664fcab4dd26c35d0679d5.jpg, 1
frame71-137-_jpg.rf.15bf6a6b31aeccbcf17c2224d479984a.jpg, 1
7-MaleGlasses_mp4-6_jpg.rf.168cb9fce28962cb7345ecae1eb56ade.jpg, 1
frame20-116-_jpg.rf.15dac75bc1b01254d0f6611da85665e2.jpg, 1
abc-147-_png.rf.15e9505db6400b4e444a3c80dc2751d0.jpg, 1
frame349-126-_jpg.rf.1737e83b0a6f1cc120e03dec0104d1ee.jpg, 1
WhatsApp-Image-2021-12-10-at-11-37-29-PM_jpeg.rf.164f01120da2741aa80486fc2132e9a2.jpg, 1
n111_PNG_jpg.rf.15d9e73ac1cd45aa6ce0c57d32e4f232.jpg, 1
abc-194-_png.rf.17695a034bf8399112914aacb4951d2a.jpg, 1
WhatsApp-Image-2022-02-17-at-9-02-35-PM_jpeg.rf.17e96414065467bea8fdb6a88f9ba646.jpg, 1
xyzabc-256-_jpeg.rf.17636fabe40ee676cca4b6a9a45c8f10.jpg, 1
5t_jpeg.rf.183b468de927ea03767a5d4721d4943c.jpg, 1
frame0-143-_jpg.rf.1841bc5eefeb4e6a13b569b3adba87d4.jpg, 1
xyzabc-306-_jpeg.rf.18ec3a36e15ee89fcc65e4c800c5b902.jpg, 1
abc-43-_png.rf.18145cbd86520c81bfdd8ad57e49595e.jpg, 1
selfieincar101_jpeg_jpg.rf.19372d04bfef6b9f290dd6d00de3fe1e.jpg, 1
WhatsApp-Image-2022-02-05-at-10-38-55-PM-1-_jpeg.rf.19247f5ee5f593b72ef5d815c51ffc18.jpg, 1
IMG_8464_jpeg_jpg.rf.191ad16fc1e6821e0cd3c838d8354d38.jpg, 1
WhatsApp-Image-2022-02-23-at-12-11-39-AM-1-_jpeg.rf.195e92c9e87abe3d7476dc35ea346cf5.jpg, 1
frame68-57-_jpg.rf.19adb0628653fb3a4d29ceafc2759eda.jpg, 1
xyzabc-78-_png.rf.19c51e3d4ca31fd96aa854a645e90a64.jpg, 1
selfieincar44_jpeg_jpg.rf.1a395823f9d8a0ce11fb098d474d2a62.jpg, 1
n139_PNG_jpg.rf.1a3d93c0f354e0a5604109c0985dff6b.jpg, 1
selfieincar151_jpeg_jpg.rf.1a0f7239ab64fc456fd8f4bbe27bf325.jpg, 1
abc-179-_png.rf.1a121ce867c89d9781a57cf2c66449b9.jpg, 1
WhatsApp-Image-2022-02-23-at-12-10-07-AM_jpeg.rf.1ab6fee1f20f261919e921e4a22ffc47.jpg, 1
xyzabc-61-_png.rf.1af9bb60df8cea33ee5b6c2027b5c180.jpg, 1
xyzabc-87-_jpeg.rf.1be9924e3997f09309be0f81f049c3f3.jpg, 1
n45_PNG_jpg.rf.1ba2d075c6177eee93c70ee464b79fe3.jpg, 1
abc-217-_png.rf.19f813591090265b8600e1c99db6029c.jpg, 1
WhatsApp-Image-2022-02-17-at-9-03-02-PM-3-_jpeg.rf.1ba9de433f909409e8e933a066b8a47b.jpg, 1
WhatsApp-Image-2022-02-23-at-12-10-28-AM-14-_jpeg.rf.1b7ce64e4852ce84ef6adcda10e4ad01.jpg, 1
WhatsApp-Image-2022-02-23-at-12-15-15-AM_jpeg.rf.1a85c88673eb2dc8eadb3727ba7003f6.jpg, 1
frame46-122-_jpg.rf.1d4ed7575924f238225d1163905454d8.jpg, 1
IMG_8067_jpeg_jpg.rf.1e05797be837d26aa9ca946480c1c3a8.jpg, 1
frame55-72-_jpg.rf.1e83135df85f89b98d9e506036789c7c.jpg, 1
selfieincar1_jpeg_jpg.rf.1ed08eec8160bf2491ffd28bd0c9dccc.jpg, 1
peopleincars16_jpeg_jpg.rf.20053e57f9203f02e065c6a14263d661.jpg, 1
xyzabc-150-_jpeg.rf.1ee11abfa0d4bd91e8fceb8a0f5d348f.jpg, 1
frame351-117-_jpg.rf.1f41fb427dc543d3272c611a53abe548.jpg, 1
abc-188-_png.rf.1da2438c607d01a0d99f71ba0030ee92.jpg, 1
nonseatbelt3_39_jpg.rf.210469ae85dddb9378a0e45ea7029afa.jpg, 1
abc-128-_png.rf.22001421b0759bf89bc4ea34866410e0.jpg, 1
n129_PNG_jpg.rf.22c8ab969e32fec03ad80f05a4c3747b.jpg, 1
64_jpeg.rf.21fcf11c81464cf164e50c2d0d9c32e4.jpg, 1
168_jpeg.rf.21fc23166bdc93444e5dc5d526304636.jpg, 1
D8_jpeg.rf.215723be042c832e4deef4511568f3eb.jpg, 1
carpassenger116_jpeg_jpg.rf.204b588106f2cce6d08332afefd02355.jpg, 1
frame354-117-_jpg.rf.24a24dcadd8b1e33928cc06a41d34eef.jpg, 1
WhatsApp-Image-2022-01-08-at-12-03-55-AM-3-_jpeg.rf.232a1f53a822c95686356c0331a04070.jpg, 1
frame26-72-_jpg.rf.24a44778d038cb688d18093c4f257386.jpg, 1
abc-165-_png.rf.25456e359d76fb8dced801effdc15d70.jpg, 1
WhatsApp-Image-2022-01-01-at-9-10-09-PM_jpeg.rf.23c92dc65a71742c3038c68287f1539b.jpg, 1
frame62-150-_jpg.rf.25091e33529aed12dc39dfdc6bf15101.jpg, 1
abc-24-_png.rf.250bd4447ceccfdcb5fcfc11f7cae4b9.jpg, 1
xyzabc-23-_png.rf.220bfa737855557b3d89ae92b4a319ea.jpg, 1
WhatsApp-Image-2021-12-19-at-11-42-00-AM-1-_jpeg.rf.25fdc040cf61c128291d5d101bce9231.jpg, 1
xyzabc-65-_png.rf.2612aca94fea68b04a2004e597c58aff.jpg, 1
abc-216-_png.rf.25cac394c49d3e651b2bcc2697a300e7.jpg, 1
WhatsApp-Image-2022-01-08-at-12-14-06-AM-3-_jpeg.rf.26e42688082bf0f14793d663f2cb1a61.jpg, 1
abc-210-_png.rf.2682c207a7f5ad9ba93f00b2d3737159.jpg, 1
WhatsApp-Image-2022-02-17-at-9-01-07-PM-2-_jpeg.rf.2724bc705485db34d477e36c6a3748d6.jpg, 1
WhatsApp-Image-2022-01-08-at-12-06-54-AM-2-_jpeg.rf.271033a3871e26f3d2e2865919338cf5.jpg, 1
xyzabc-63-_png.rf.27b79425e02ceffa3c80c990a8573518.jpg, 1
PXL_20220916_125510479-MP_jpg.rf.2630a47e917646828f51e4f2cb6580ce.jpg, 1
frame35-96-_jpg.rf.285f950699c6de329588596ac3975efc.jpg, 1
frame3-156-_jpg.rf.27e5b1ef3fb11f8ce320f3a48e44f10a.jpg, 1
WhatsApp-Image-2021-12-19-at-11-40-44-AM-1-_jpeg.rf.285ab346e2049af32312f9ce20bd49bf.jpg, 1
n75_PNG_jpg.rf.28d43402397edf652580b91d2a098b45.jpg, 1
80_jpeg.rf.28ede0fe4be827d7cfb85bf0f80aac79.jpg, 1
noseatbelt149_jpeg_jpg.rf.291eb08adb903355de198027683431a8.jpg, 1
selfieincar87_jpeg_jpg.rf.2a621f5a1f7d92e00db91e6398689c34.jpg, 1
xyzabc-28-_png.rf.297710c79b890546969b262a4c7a1716.jpg, 1
n134_PNG_jpg.rf.2958238aaacd9b0eec4ff2285cbbfe00.jpg, 1
WhatsApp-Image-2022-01-12-at-10-39-42-PM-1-_jpeg.rf.2aebae989d6f2b10fd290baa091d2d30.jpg, 1
WhatsApp-Image-2022-02-05-at-10-42-03-PM_jpeg.rf.2b1352ef690f9d66e3ac59896e49ba91.jpg, 1
WhatsApp-Image-2021-12-10-at-11-37-01-PM_jpeg.rf.2992b9870cf090895a3c45647fe1c0ed.jpg, 1
frame33-150-_jpg.rf.2ad19fc55c59036d917224c12293f184.jpg, 1
xyzabc-3-_png.rf.29365a146e57709d37638674713e040e.jpg, 1
WhatsApp-Image-2021-12-10-at-11-36-24-PM_jpeg.rf.2b0e1f2a02ea862f0d12ee19a8b71f7b.jpg, 1
frame3-98-_jpg.rf.2c06ae50fedb010d40df77cc32f9a5a1.jpg, 1
frame230-84-_jpg.rf.2bc2240b0debd56c5171ae406e7b33e9.jpg, 1
N67_jpeg.rf.2bb06d0d878b4f6c15a54c1759474e23.jpg, 1
N140-G_jpeg.rf.2ce414287eda7d4a9a26dfcf192927e4.jpg, 1
abc-213-_png.rf.2bc3baefe1fc8f0d3f0858a7d8936735.jpg, 1
66k_jpg.rf.280ff0b92fadcf9220239896e6fd1de4.jpg, 1
frame10-72-_jpg.rf.2c9f446522a61f5d3a35d612e8b6877e.jpg, 1
xyzabc-52-_png.rf.2d2a1ef9eb972366517fd2a63137aba4.jpg, 1
WhatsApp-Image-2022-02-23-at-12-10-03-AM-29-_jpeg.rf.2d1f9a7e543e1ab581a9b6ca6d23c829.jpg, 1
abc-166-_png.rf.2e5a8c04a04b9be3678fa9c6f7702ab9.jpg, 1
xyzabc-24-_png.rf.2de56f6d193a9a0852c799525301fa09.jpg, 1
xyzabc-105-_jpeg.rf.2e2672040e8a4411c07b310630c383a5.jpg, 1
seatbelt359_jpeg_jpg.rf.2fdcf809307b590d3dc51f0bc8e18cfc.jpg, 1
abc-127-_png.rf.2f2af6d3d89db6718c8fd2bba515ff73.jpg, 1
abc-53-_png.rf.2e8969865a90e42a74014da0c7f5ef0b.jpg, 1
nonseatbelt3_2_jpg.rf.2ef3e7f687e261d430edf1ad727578bb.jpg, 1
IMG_8163_jpeg_jpg.rf.2f218c939089a8db14e2b76a5b006e39.jpg, 1
PXL_20220916_122604185-MP_jpg.rf.30daa725a3dedaa1649330faa07efef5.jpg, 1
frame17-158-_jpg.rf.30db37b9377d583c1cc3da42c2fd33ed.jpg, 1
50_jpeg.rf.308b0f770972ecc76ea15ea46704d1b7.jpg, 1
abc-164-_png.rf.31c4c4fcac12b3db2b0013de408010e4.jpg, 1
PXL_20220916_122903637-MP_jpg.rf.31202d39bce2f4ca902fdcac493d0f35.jpg, 1
WhatsApp-Image-2022-02-17-at-9-05-41-PM_jpeg.rf.3117a5bf28413b9bc94b80dff4557b74.jpg, 1
abc-173-_png.rf.3129e642f8facc6f4a4e6c9d63452cee.jpg, 1
frame3-164-_jpg.rf.31a0bd745602f7830c9f679f3d7f238b.jpg, 1
WhatsApp-Image-2022-01-01-at-9-10-30-PM_jpeg.rf.31eb2ed19b09c218bef81681731a7474.jpg, 1
WhatsApp-Image-2022-02-17-at-9-04-46-PM_jpeg.rf.3205bc8cd8364c0df8916faa679b8cef.jpg, 1
noseatbelt18_jpeg_jpg.rf.32b9b2d56d105cbf135819f5cea4725e.jpg, 1
abc-22-_png.rf.334d0237008015381ee73ebc22e50811.jpg, 1
WhatsApp-Image-2022-02-17-at-9-03-06-PM_jpeg.rf.325df5c52be756c1bab92da936b1c4ae.jpg, 1
peopleincars53_jpeg_jpg.rf.32db4d06644d41ccc2abf81ee15c9d73.jpg, 1
abc-49-_png.rf.33b14d7e2be96d7e1c2117515e58e7dc.jpg, 1
abc-79-_png.rf.336538a6c08114e9ca881d04edb1922b.jpg, 1
WhatsApp-Image-2021-12-19-at-11-41-00-AM-1-_jpeg.rf.344fd9feb9ab95c3286c6e20536903f1.jpg, 1
noseatbelt27_jpeg_jpg.rf.3434cadd8af83204819325126579f4a1.jpg, 1
selfieincar126_jpeg_jpg.rf.33c8f0e1a5581a008a4e04ce332872b0.jpg, 1
IMG_8471_jpeg_jpg.rf.347a9ffb3f848af9157d92ba001023cd.jpg, 1
WhatsApp-Image-2022-01-12-at-10-40-54-PM-1-_jpeg.rf.34b82647c277bb63b6c0dad61d33a94d.jpg, 1
frame77-70-_jpg.rf.346536191e6ab72f52d33ac64f896058.jpg, 1
abc-103-_png.rf.3486872434ff1711d8eba101fe58684c.jpg, 1
abc-21-_png.rf.334fec433e0280664aad9bfc5d752fc4.jpg, 1
frame46-149-_jpg.rf.34f6c1d2b46667a91d516113f9518033.jpg, 1
N85_jpeg.rf.35caa020355f5b2e84cc145f57f2dfdf.jpg, 1
WhatsApp-Image-2022-01-12-at-10-38-35-PM_jpeg.rf.35c1e46b57f129da301b29598b352cb3.jpg, 1
xyzabc-73-_png.rf.37ff3b8878f48a50ebcb3bbee242b015.jpg, 1
abc-222-_png.rf.34ec115c303209a89edba8fdab9b74ef.jpg, 1
carpassenger45_jpeg_jpg.rf.37315885f92461be122596559167e4a3.jpg, 1
xyzabc-62-_png.rf.3811de23c41be4abc0ac27bc72a274a2.jpg, 1
104k_PNG_jpg.rf.3a3cc547f18ee87c4ec2c38d47bed30e.jpg, 1
noseatbelt20_jpeg_jpg.rf.3966056af74cc4d7ac1de15f25e5950e.jpg, 1
abc-93-_png.rf.3a95ddec56a58d34205712d588d07196.jpg, 1
xyzabc-38-_png.rf.3a8609a27cc130042fa2be17e7e1067e.jpg, 1
WhatsApp-Image-2021-12-10-at-11-36-27-PM-2-_jpeg.rf.3a1302648a129b89b8666e0a88f7ee82.jpg, 1
seatbeltselfie122_jpeg_jpg.rf.3b5a358cc9896c83a65a8501698d9592.jpg, 1
WhatsApp-Image-2022-02-23-at-12-10-03-AM-1-_jpeg.rf.3b9231af70892446d48b21f01626df50.jpg, 1
WhatsApp-Image-2022-01-07-at-11-58-56-PM-4-_jpeg.rf.3732a3a8188c35a249f8af0dd8cced9f.jpg, 1
xyzabc-186-_jpeg.rf.3bab9bfebf32199ec9353e98bc4c3947.jpg, 1
abc-132-_png.rf.3b9583f21203f06e73fc530f184480c8.jpg, 1
WhatsApp-Image-2022-01-08-at-12-06-54-AM_jpeg.rf.3bdc40d8d8c44034de1e8d86282b90d3.jpg, 1
90-4-_jpeg.rf.3c6f5b292a981110b72b7cf57de98d28.jpg, 1
xyzabc-202-_jpeg.rf.3c1f0321d80af7b2efe7348abf0a1220.jpg, 1
n105_PNG_jpg.rf.39679a3ee9c6f1bbd8994532626dac9b.jpg, 1
abc-122-_png.rf.3b722b188d035f87fbcc98bfc8765d88.jpg, 1
WhatsApp-Image-2022-01-08-at-12-00-22-AM_jpeg.rf.3d4bc6749fee58c42862c73407191c53.jpg, 1
n141_PNG_jpg.rf.3d763b7ed99ca7a1ea192b94ce92ef1a.jpg, 1
WhatsApp-Image-2022-02-23-at-12-12-00-AM-1-_jpeg.rf.3d7a0a672fdc71cf48b19bc6688ba984.jpg, 1
n10_PNG_jpg.rf.3e0b9dd26412ae10af5665b480f4e361.jpg, 1
xyzabc-307-_jpeg.rf.3e2557e4c35438ba556b276eef1e7f73.jpg, 1
abc-212-_png.rf.3c0c739bcc6fa4b7956c4796b25652a1.jpg, 1
WhatsApp-Image-2021-12-19-at-11-40-46-AM_jpeg.rf.3e069e7a4feaee59da4dc1b36f60c237.jpg, 1
n133_PNG_jpg.rf.3e4d1a203d2ee07ac200f91f08ed6896.jpg, 1
abc-98-_png.rf.3e52ba7174cc2ba44a3404ddb02577f8.jpg, 1
xyzabc-18-_png.rf.3e4bb27cb467b17ea39fca5c2c662e5d.jpg, 1
n147_PNG_jpg.rf.3f04565c8df3506e425e54099469ee8f.jpg, 1
xyzabc-304-_jpeg.rf.3f73a66b24fd5a984d31224c63b6c08d.jpg, 1
frame21-37-_jpg.rf.412d5a353aec0c49ec1531179b18c73b.jpg, 1
abc-138-_png.rf.40b07c248b56ea2dbb6c41588115744c.jpg, 1
xyzabc-67-_jpeg.rf.430f237cd1584a9d91e104b16c24e3a6.jpg, 1
frame24-24-_jpg.rf.425a5ac3b719cdf496fb3933f8c54e96.jpg, 1
abc-154-_png.rf.445d21ed284a4116e56b84495e0a719d.jpg, 1
frame6-155-_jpg.rf.4496378d5d2e33931e5d0891dada68fd.jpg, 1
WhatsApp-Image-2022-02-23-at-12-10-31-AM-3-_jpeg.rf.42dd7ba32a766585155c9828584bdb05.jpg, 1
seatbelt311_jpeg_jpg.rf.443c44e2c1e37127118b92cf0c012d9b.jpg, 1
frame62-160-_jpg.rf.454da293fd0b8bc0e994aa009a407e12.jpg, 1
seatbelt311_jpeg_jpg.rf.4673d18500269a5a7806e9ab59628d46.jpg, 1
abc-199-_png.rf.46728598244a1bc61a67586a4d99f1f3.jpg, 1
PXL_20220916_125522392_jpg.rf.467ff6fd4a370a40b30388d195f3e176.jpg, 1
WhatsApp-Image-2022-01-08-at-12-08-52-AM-4-_jpeg.rf.46d36271d7fced012f27ae8eb816ff7d.jpg, 1
abc-157-_png.rf.4469b08c5722dcfd10695c142959be2a.jpg, 1
WhatsApp-Image-2022-01-07-at-11-59-42-PM_jpeg.rf.47860aedd1572cf9e0a5979552df82fb.jpg, 1
frame303-93-_jpg.rf.461059e4ece858a713579f2ee4141bb5.jpg, 1
frame267-126-_jpg.rf.45f1130a186db92d7a6cddd9c27a9543.jpg, 1
WhatsApp-Image-2022-02-22-at-11-58-59-PM_jpeg.rf.477b24736ca68993d0b0c7e441aec419.jpg, 1
62_jpeg.rf.46bde8aaf7f992f8d6be18488f61b749.jpg, 1
peopleincars79_jpeg_jpg.rf.4cdc381ff322edc66eedf8a199b2c29a.jpg, 1
WhatsApp-Image-2022-01-08-at-12-08-52-AM-14-_jpeg.rf.4930e5f50604704da7c0391c3b1c1879.jpg, 1
WhatsApp-Image-2021-12-10-at-11-34-48-PM-3-_jpeg.rf.4e8a75868b0982a6fe884d9106993be4.jpg, 1
selfieincar198_jpeg_jpg.rf.4daa93ffc547a292a17beb52fcd94e0e.jpg, 1
WhatsApp-Image-2022-02-05-at-10-38-29-PM-1-_jpeg.rf.4bb79363d478158be5c9ed8b551b990b.jpg, 1
frame33-24-_jpg.rf.4cddd03474079c08f0d210c62ca3e17f.jpg, 1
WhatsApp-Image-2022-02-23-at-12-10-13-AM_jpeg.rf.47b4b69a04eebb84fa0714e186f92083.jpg, 1
WhatsApp-Image-2022-02-17-at-9-05-48-PM-1-_jpeg.rf.4d3a0a1f83cc3c5fc0bf62548778cc02.jpg, 1
xyzabc-43-_png.rf.496c5c4f121ac81d8e53c99f622b6503.jpg, 1
N139-G_jpeg.rf.4d0a087ad2c110df7e0a2594fb5159a2.jpg, 1
xyzabc-55-_png.rf.4e848eeef892e143a8b8572d837a6b40.jpg, 1
frame168-13-_jpg.rf.4df54ac7126a3d8c5cf93c0a90a6f4ee.jpg, 1
noseatbelt4_jpeg_jpg.rf.48b060f1484b7ec5ffac3bed17e9cd9f.jpg, 1
WhatsApp-Image-2022-01-07-at-11-59-48-PM-6-_jpeg.rf.4c4e11156637e67c118137a1edf8e634.jpg, 1
abc-59-_png.rf.4e26f16698d7a707e2c00a4287d37b7b.jpg, 1
WhatsApp-Image-2021-12-10-at-11-34-25-PM-1-_jpeg.rf.4b7d4be9e90d675076b2625d4fc41483.jpg, 1
D36-G_jpeg.rf.4c706e8947fd174cfa9955b7edf846b1.jpg, 1
frame187-85-_jpg.rf.498c8e52fbe08504de2159795a365c89.jpg, 1
carpassenger38_jpeg_jpg.rf.4e7c7a6943d95fee3bb35fa7d0cb6cec.jpg, 1
WhatsApp-Image-2022-02-17-at-9-02-31-PM_jpeg.rf.4cb4ba8b7043fd67e7b1181ff8b94b82.jpg, 1
frame188-17-_jpg.rf.4cfe64472050cfd8ba96b6779646791e.jpg, 1
frame343-121-_jpg.rf.483beb9d6c9d2c99cf96ff78b2030c56.jpg, 1
WhatsApp-Image-2022-02-17-at-9-13-09-PM-1-_jpeg.rf.484c35121bb8070c46877c75a0380549.jpg, 1
peopledriving4_jpeg_jpg.rf.4ee99a65358eaa6a2b88956d5e76daae.jpg, 1
bbbbb_jpg.rf.4cde79bfe0c7373bdfa34e0324f254b3.jpg, 1
abc-161-_png.rf.4f282dbf8ea985021d7e86162ea653f1.jpg, 1
frame2-160-_jpg.rf.4f54c3a066124d6ae49ce873b452de2b.jpg, 1
WhatsApp-Image-2022-01-12-at-10-39-33-PM_jpeg.rf.4d736a2404529a32ebce6032bd67f6ee.jpg, 1
WhatsApp-Image-2022-01-08-at-12-16-34-AM_jpeg.rf.4f93316d15291a3602b987ac9ee2cf7d.jpg, 1
-92k_jpg.rf.500e2c44e8b6ed9f2a973b41b14603e9.jpg, 1
selfieincar151_jpeg_jpg.rf.505560772cb51cd42523daa25c94f7b0.jpg, 1
xyzabc-15-_png.rf.5057ecd28ecd0a3c96f1e9ff752f876d.jpg, 1
frame70-137-_jpg.rf.5022c54fb83f17c7016214b3ce1c110c.jpg, 1
frame24-153-_jpg.rf.509e42607ea7a0ca7251938528d0cfb1.jpg, 1
WhatsApp-Image-2022-02-17-at-9-03-11-PM-1-_jpeg.rf.50d54dd5a0d4f17837f21c1fcf83990a.jpg, 1
frame20-153-_jpg.rf.511eae1ae09ef604fa830e7d229c1236.jpg, 1
frame3-37-_jpg.rf.5040c1b54539e240ddf1ad2eb69756c5.jpg, 1
seatbelt311_jpeg_jpg.rf.519e9391f9f5e12f03261ae49bdf4fe9.jpg, 1
n124_PNG_jpg.rf.51bc898ab85248e34dafbf67cf2b6721.jpg, 1
xyzabc-8-_png.rf.5122d5f63604fb30a75aa8674b4224c1.jpg, 1
WhatsApp-Image-2021-12-10-at-11-34-41-PM-2-_jpeg.rf.51e82aa17de01b656430f9791be49292.jpg, 1
n91_PNG_jpg.rf.5378cdbaf63853171a6059ffc3c6de87.jpg, 1
xyzabc-46-_jpeg.rf.53704278676e71b2357c65735cf90709.jpg, 1
xyzabc-47-_jpeg.rf.541fd1fcc4f6223a781dfaee08f8866a.jpg, 1
frame28-152-_jpg.rf.5172eaec78d7912b15712399169e0d97.jpg, 1
-56k_jpg.rf.54cb25b14a206d39936ffa651b1a016c.jpg, 1
frame298-127-_jpg.rf.5619ae281a8c15a7cfb6e4aaf0383eed.jpg, 1
WhatsApp-Image-2022-01-08-at-12-01-03-AM-9-_jpeg.rf.55fbf777a4fb0baecafbc5337af4b55f.jpg, 1
abc-139-_png.rf.563a6bf383d0c5729bd7342c861cbca4.jpg, 1
frame0-131-_jpg.rf.526a2b837a3e7fb414b96b168a3f58c4.jpg, 1
WhatsApp-Image-2022-02-23-at-12-10-08-AM-19-_jpeg.rf.5665a673de0a06e1966daf79789166e1.jpg, 1
-000000-_jpg.rf.56bc958599606b246e98f97b40986a67.jpg, 1
frame78-67-_jpg.rf.565c6e9d5227430ee5849092ff6a88dd.jpg, 1
nonseatbelt3_88_jpg.rf.5779e4a0bcddd94026b914ac3b402221.jpg, 1
peopledriving13_jpeg_jpg.rf.5784136a24232a1919721efdd4aa4965.jpg, 1
abc-105-_png.rf.56eb241de9a9a1a9f561bccf656e46bc.jpg, 1
selfieincar34_jpeg_jpg.rf.57244f43d0c79447c4f6be423caa6b36.jpg, 1
nonseatbelt1_3_jpg.rf.57ca028fba02b5f9c1f901c9f9bb0bc0.jpg, 1
n134_PNG_jpg.rf.57fb5723afe6e84a635b983b0c30a758.jpg, 1
peopleincars33_jpeg_jpg.rf.581d6608b334b8b59860ff625d2f69cf.jpg, 1
WhatsApp-Image-2022-02-23-at-12-10-36-AM_jpeg.rf.593db3ed1208532e9ffec55ba3302333.jpg, 1
abc-31-_png.rf.597d21713133de3e69a400ca33bb7c85.jpg, 1
WhatsApp-Image-2021-12-19-at-11-40-37-AM_jpeg.rf.592e7c2236a928066638b620fd2b54bd.jpg, 1
frame30-152-_jpg.rf.599b26790d14f1fce547a919ad7d2fba.jpg, 1
327k_jpg.rf.599bc1305986a96aae1f4fa503201b09.jpg, 1
115_jpeg.rf.5998fe5d4be1e7cf01e9263ca3f7733c.jpg, 1
n143_PNG_jpg.rf.59f0850d0d119e896cb5c9d5940c20b3.jpg, 1
xyzabc-26-_png.rf.588a9aec547c4071ce54231c065d3802.jpg, 1
xyzabc-158-_jpeg.rf.5a8415a1950e0f1bc7d3311f11c02b86.jpg, 1
cardriver152_jpeg_jpg.rf.5a69147666dd99eafa9e9d3d9e8cb4a6.jpg, 1
xyzabc-58-_png.rf.58273d8ccdd4cac25adc0665d0c64e04.jpg, 1
WhatsApp-Image-2022-02-17-at-9-02-57-PM-1-_jpeg.rf.5a27d5ca8ab87e6685f35d25cf72bb87.jpg, 1
WhatsApp-Image-2021-12-10-at-11-36-59-PM-1-_jpeg.rf.5a02b7d0082695244c09d3cba90f02b9.jpg, 1
abc-35-_png.rf.5b6790db71af4303f4ee3e66e1c91d1d.jpg, 1
xyzabc-48-_png.rf.5c5973710aa3c2ffa7a01d5287074a5b.jpg, 1
Frozen-Seat-Belt_jpg.rf.5ca4b6def089bb4e170c7fccfe0af120.jpg, 1
abc-99-_png.rf.5b37d90ebedb2ce06a224150dfa1114a.jpg, 1
xyzabc-27-_png.rf.5cd20006e900c27965d5f190b89dc777.jpg, 1
peopledriving160_jpeg_jpg.rf.5ab53dfc41724f0e90f267c0a9f75be7.jpg, 1
frame4-155-_jpg.rf.5d4d117f98340db0c609159976e57d11.jpg, 1
frame36-151-_jpg.rf.5d0793cf19df9fb77f14147e37d91996.jpg, 1
frame66-71-_jpg.rf.5ce1e71f5991e8eba48a97957c3ffe96.jpg, 1
WhatsApp-Image-2022-01-08-at-12-14-29-AM-1-_jpeg.rf.5cb22accd9d439a3a88d853bcb478d0f.jpg, 1
peopledriving14_jpeg_jpg.rf.5d9c2f731f987661a7232b861197cd55.jpg, 1
xyzabc-79-_jpeg.rf.5cec9d70db7ebc70f286b94a0aed980e.jpg, 1
WhatsApp-Image-2022-01-01-at-9-10-05-PM_jpeg.rf.5efcd23188346cf75acecdf3b2eca312.jpg, 1
frame31-152-_jpg.rf.5f0cbfd8bd7f75a7a8f560908a5bc9b0.jpg, 1
-jhg-_jpg.rf.5f6b817083a69938e710c01635ee3f42.jpg, 1
WhatsApp-Image-2021-12-10-at-11-28-30-PM_jpeg.rf.6049c5b002b12bee97cdc366ff3c6490.jpg, 1
frame282-125-_jpg.rf.600faa508ea65d4dd47309a85703ded3.jpg, 1
nonseatbelt2_26_jpg.rf.5ff8bde85a8fdfb482d17b35b070b2c7.jpg, 1
n14_PNG_jpg.rf.6021e9661822c1a44ed251cb1f429727.jpg, 1
141_jpeg.rf.5e45fba4970d53f43ed60a735b58deaf.jpg, 1
frame62-149-_jpg.rf.608836850d25eca962773d2dbb3fc092.jpg, 1
selfieincar93_jpeg_jpg.rf.5ffc29b0a0a08be87c01780c82f7adeb.jpg, 1
WhatsApp-Image-2021-12-19-at-11-41-02-AM-1-_jpeg.rf.609ed7dca6cd4b550513cde1bb960d1b.jpg, 1
frame16-37-_jpg.rf.60c0a96b0ebcc522cea2094d61e906e1.jpg, 1
abc-206-_png.rf.608190588b44bbb6f2351bd29c666f10.jpg, 1
xyzabc-242-_jpeg.rf.60dd05f92fefb57567592cef25df2eab.jpg, 1
frame96-37-_jpg.rf.60b3d3f2ee4161fc2e3560658b64f28a.jpg, 1
abc-117-_png.rf.61862a14e9e346f7c3dafc279aa95724.jpg, 1
peopledriving13_jpeg_jpg.rf.619d9a6912bff7c9064c87d7c4cb6d88.jpg, 1
10048_jpg.rf.6184599f70cd92907629b61f4a068008.jpg, 1
frame277-127-_jpg.rf.60c7c9de6f054f7b92e8924f26490940.jpg, 1
selfieincar1_jpeg_jpg.rf.605288ee8a2bc636841c9860454e29bf.jpg, 1
selfieincar44_jpeg_jpg.rf.61c3f840683502dd63fdfdb6dda066a1.jpg, 1
WhatsApp-Image-2022-01-08-at-12-17-02-AM_jpeg.rf.62d99a4f2df057a0e6a1fa4a7ad46f15.jpg, 1
xyzabc-154-_jpeg.rf.62870ba19863ca89bf6a83b52cdc21e0.jpg, 1
xyzabc-108-_jpeg.rf.628e10d82b69b9d9176474f8949e8834.jpg, 1
frame62-148-_jpg.rf.62924df6f87da6366607d33cf297777f.jpg, 1
frame24-73-_jpg.rf.632b5d7d9bea364c0f293425e1b1d094.jpg, 1
abc-106-_png.rf.63573b81574da5792b24694ade82cfd3.jpg, 1
frame48-160-_jpg.rf.62eb8acef5a266fe500a41d42a307ec3.jpg, 1
frame267-128-_jpg.rf.6361166f713a464455d7d7c5188b436c.jpg, 1
abc-129-_png.rf.63c1ee693649aa29883a73aebe6432d9.jpg, 1
30_jpeg.rf.63c985adb8e5c6e564da72a034c31d17.jpg, 1
WhatsApp-Image-2022-01-01-at-9-10-22-PM-1-_jpeg.rf.647dca7ec5b75814846b82adc38e9a97.jpg, 1
frame0-164-_jpg.rf.64795b2884f1685708346bb86b225ddb.jpg, 1
N135-G_jpeg.rf.62d9a597fcd295631706238b40ac8d35.jpg, 1
abc-64-_png.rf.64ea23247006b0877c117d39b09a25b5.jpg, 1
frame70-8-_jpg.rf.650d9c0087f3be308c70442c0ea47f7a.jpg, 1
frame24-154-_jpg.rf.641a3a63783b5da4e2a6cdf315fe453b.jpg, 1
xyzabc-22-_jpeg.rf.65e1b680603dfda79fb9e03041802a5d.jpg, 1
xyzabc-33-_png.rf.65d55e7bb55ea1227d8c4aca55d57f05.jpg, 1
WhatsApp-Image-2022-01-07-at-11-59-42-PM-4-_jpeg.rf.65e6e6ecf67fa5fdff5eea5582187f83.jpg, 1
n46_PNG_jpg.rf.664d564504eff348e7466e19580edefe.jpg, 1
WhatsApp-Image-2021-12-19-at-11-41-34-AM_jpeg.rf.651cfaa4940a0dbaafcfead94120ef32.jpg, 1
ksndadqn5_jpg.rf.654ee9552573f1077901493a80fb812d.jpg, 1
abc-74-_png.rf.671a447b2737b68ef6a23d5e681606cb.jpg, 1
frame61-82-_jpg.rf.695e90d99988f8ee72bedf9eb1389cad.jpg, 1
xyzabc-42-_png.rf.6ab6417be5f7a5b0eac93326dbd62ce3.jpg, 1
xyzabc-285-_jpeg.rf.6aa1e4e2297be256fea097a7b72386c4.jpg, 1
WhatsApp-Image-2022-01-08-at-12-13-37-AM-4-_jpeg.rf.6b846570e422dec05c2534f74d68a8fd.jpg, 1
xyzabc-2-_png.rf.6be0ebbbb343208056f461febd8eeff7.jpg, 1
WhatsApp-Image-2021-12-10-at-11-34-45-PM-1-_jpeg.rf.6b077e9f166a22dbc8f05b47bd2e2524.jpg, 1
19_jpeg.rf.69e33ec2d510c78e4096acb60bc86273.jpg, 1
WhatsApp-Image-2022-01-12-at-10-37-10-PM-1-_jpeg.rf.6c1e301dd7a14acefd9541cccd3634a8.jpg, 1
xyzabc-25-_jpeg.rf.6ca5cb93712affebc3b1f9ee28aaf007.jpg, 1
N35-G_jpeg.rf.6c6b071ba5f57df519af4e4144699413.jpg, 1
N147-G_jpeg.rf.6bf399724c85cddfb212ec182e5980e1.jpg, 1
-bvvfg-_jpg.rf.6cae4e485f0730bddd8d98dcbf02ead9.jpg, 1
34_jpeg.rf.6c86121b89454de208c8a77386bd8b67.jpg, 1
frame235-25-_jpg.rf.6e2cc1a8b57971e7cdbde03d28456f3f.jpg, 1
abc-187-_png.rf.6d8da2c82491febf4f94fcef099fdf9b.jpg, 1
frame353-117-_jpg.rf.6e81c758a3e2f463d839515815b712d7.jpg, 1
abc-45-_png.rf.6e5163f6a63ad3e5bf110de0de0fe158.jpg, 1
xyzabc-178-_jpeg.rf.6e7afe37bf4f62654b1bcbcaf83ff6ea.jpg, 1
selfieincar163_jpeg_jpg.rf.6ecf8c78ce6b97521da9535e2f26974f.jpg, 1
frame188-28-_jpg.rf.6ee2ca2029d34d152935601a35566700.jpg, 1
N105_jpeg.rf.6e96e3bd946838ccfbb711497b09d3a1.jpg, 1
abc-163-_png.rf.6f49db5d5ef16732cb6bc845734022d4.jpg, 1
WhatsApp-Image-2022-02-23-at-12-10-56-AM-1-_jpeg.rf.6f2f196f78a689d42dc30f7e3ce0327f.jpg, 1
N82_jpeg.rf.7035769e3f9ee05d712aeaa07b5c9d2e.jpg, 1
frame34-96-_jpg.rf.6fd7b017089d0395e96e64212f7369d7.jpg, 1
WhatsApp-Image-2022-02-05-at-11-27-19-PM_jpeg.rf.6ef78f6e04ffe3ee9cd8a6ebb5bdebc8.jpg, 1
123_jpeg.rf.7128493c23451ac8e63b848acb33596b.jpg, 1
abc-200-_png.rf.709c6e1037a0d5f67c4f8377ba9d9804.jpg, 1
WhatsApp-Image-2022-02-05-at-10-39-23-PM-1-_jpeg.rf.70e824505f453381adb51ec3c8be3192.jpg, 1
WhatsApp-Image-2022-01-01-at-9-10-50-PM_jpeg.rf.721c115c202d9cb28639f9e91f00701b.jpg, 1
abc-52-_png.rf.7038c0f0e865d314820a908527c40275.jpg, 1
xyzabc-156-_jpeg.rf.72dba47e9f9a38a4fc9f2843ff0f6e27.jpg, 1
WhatsApp-Image-2022-02-22-at-11-58-53-PM_jpeg.rf.719bdf81a68abd11e085818200fa5cb5.jpg, 1
xyzabc-57-_png.rf.736a5081a864167f0d286e58b377f857.jpg, 1
xyzabc-6-_jpeg.rf.732bc2eed1f1ebf89e97814f97880151.jpg, 1
WhatsApp-Image-2021-12-10-at-11-34-23-PM_jpeg.rf.71d67781eae5a811947ed7ea17e2686f.jpg, 1
WhatsApp-Image-2022-02-22-at-11-58-54-PM_jpeg.rf.73a509f67f80a036ea894a4fb27344bb.jpg, 1
frame298-126-_jpg.rf.73cf8057b920fe2de68838a34c38dc43.jpg, 1
frame70-150-_jpg.rf.732b584507f3e76ebfa5c73af25eb80a.jpg, 1
WhatsApp-Image-2022-01-01-at-9-10-25-PM-1-_jpeg.rf.730e26dc278f8c73df15fc5ca32120a7.jpg, 1
xyzabc-286-_jpeg.rf.7418558628d653982f23f9e15862e3b8.jpg, 1
abc-18-_png.rf.746264250692236d4196dff6047666df.jpg, 1
WhatsApp-Image-2022-02-23-at-12-12-37-AM_jpeg.rf.7464ce77d73d4ba2374c7cfb3ab5d54f.jpg, 1
N101_jpeg.rf.7492fee79e893aaea7303463b2bf3821.jpg, 1
30t_jpeg.rf.7538379ea2b384f1189c60b1f1c5a024.jpg, 1
WhatsApp-Image-2021-12-10-at-11-31-24-PM-2-_jpeg.rf.75566cbc8a056dc559d5b6fc282b37b4.jpg, 1
peopleincars28_jpeg_jpg.rf.753780572fc4e62ae77fab00a7de8b2f.jpg, 1
xyzabc-18-_jpeg.rf.75576523a8d828a648792f6169f0c35f.jpg, 1
frame34-116-_jpg.rf.769d5ae98455965c39fa5815c3e89471.jpg, 1
N89_jpeg.rf.75bc1bb8b70c49c6f0b95fe8fdef403f.jpg, 1
abc-68-_png.rf.769bfca4bfd1026ea4dae13fe9fe825d.jpg, 1
abc-221-_png.rf.769b5483a55da850431771778ac8fd3a.jpg, 1
abc-4-_png.rf.7706c01837fe0f6a9b16b589cce91f9f.jpg, 1
86_jpeg.rf.771e525f7596218296f2ae60d0b3475a.jpg, 1
xyzabc-319-_jpeg.rf.76c41dd90b4e63f18809edc53e938b18.jpg, 1
N130-G_jpeg.rf.76d8edbc3e46d917805d009ad4562366.jpg, 1
n148_PNG_jpg.rf.774d28d84f0a46a486680ceb79d3b58b.jpg, 1
frame1-158-_jpg.rf.775bb964fb20de085d2813e930d3a3c6.jpg, 1
WhatsApp-Image-2022-01-08-at-12-11-02-AM-6-_jpeg.rf.77cb800d82490120246b79102f71e17c.jpg, 1
frame4-156-_jpg.rf.77d2e15616ccfbfa5fc92068816d3460.jpg, 1
WhatsApp-Image-2022-01-08-at-12-00-26-AM-7-_jpeg.rf.77e4d365bf84bc2b0732c91cb8d2955b.jpg, 1
n11_PNG_jpg.rf.782fef3b78e77aca8221ad9abf14f413.jpg, 1
1286876kajeiyrurrr10_jpg.rf.7852f22358cb08308698293ec97d6893.jpg, 1
n63_PNG_jpg.rf.78c6b42862cf1eae35e30244d3de4a17.jpg, 1
WhatsApp-Image-2021-12-19-at-11-40-19-AM_jpeg.rf.78757187b0c8bed266a6766754719474.jpg, 1
n136_PNG_jpg.rf.78997d3cbd4e224fdf22ab3799330009.jpg, 1
xyzabc-60-_png.rf.78d9010af23905c50d1318bca8bdb003.jpg, 1
frame273-10-_jpg.rf.799b39889029569afa5cb27b483be68b.jpg, 1
abc-149-_png.rf.7904eccf3e9657ba55b07b66a0b34587.jpg, 1
nonseatbelt1_39_jpg.rf.79266f41809880984c22641e7bb2aa38.jpg, 1
xyzabc-22-_png.rf.79abba76cd11ee48ec464a76d0a63820.jpg, 1
22t_jpeg.rf.7a4ad615d6b8c99786fde1d46d9741ae.jpg, 1
N62_jpeg.rf.7abcfda924dc0a4de0f60b51f6961b95.jpg, 1
WhatsApp-Image-2022-01-08-at-12-07-19-AM-8-_jpeg.rf.7b6b4386dd43940abac4de88cdd2d4a8.jpg, 1
xyzabc-216-_jpeg.rf.7a02ecfa79995745410ce6c984d51cfc.jpg, 1
xyzabc-208-_jpeg.rf.7b1da84ee007100a55cdf6ed690b4262.jpg, 1
n102_PNG_jpg.rf.7b0c4af3bdfa12d441377e01f4e33f2a.jpg, 1
abc-205-_png.rf.79e3a1a1d9607e10a7b63c3a2dd87431.jpg, 1
WhatsApp-Image-2022-02-23-at-12-10-06-AM-2-_jpeg.rf.7c2ac6e95df4d8cb80bc5b5899765936.jpg, 1
frame2-155-_jpg.rf.7c69186effbd1bde5485f3496ca59c65.jpg, 1
peopleincars59_jpeg_jpg.rf.793efd26affa882116d3da1a59ed9e10.jpg, 1
peopleincars53_jpeg_jpg.rf.7c85b05817ad6b55b3961ab88b958128.jpg, 1
frame0-16-_jpg.rf.7c0d87195d691a42376b4ad1ccc15d62.jpg, 1
-36k_jpg.rf.78fd44af0f1bf78680cd9f2142ff0228.jpg, 1
abc-51-_png.rf.7ca1b0c3c18b30150c2d2ce28e389658.jpg, 1
WhatsApp-Image-2022-01-07-at-11-59-43-PM_jpeg.rf.7d7381ca0984463245e17c163fe8990c.jpg, 1
58_jpeg.rf.7d6000f8fd06d26793771685ee06e2d0.jpg, 1
f17_jpeg.rf.7dce097e0f3e78fb844a798268d3a39e.jpg, 1
abc-192-_png.rf.7e7124385296f8c7b65d1448b1df88f3.jpg, 1
n112_PNG_jpg.rf.7db2065c2c99409fd5e25af221d59490.jpg, 1
frame20-154-_jpg.rf.7eb0501edac7b8f8e137ea4bca9930d5.jpg, 1
WhatsApp-Image-2022-02-17-at-9-01-33-PM-1-_jpeg.rf.7e031724375203da198f715f7a75beb3.jpg, 1
-62k_jpg.rf.800fddaa166dcdd0452089ccb042e733.jpg, 1
N2_jpeg.rf.7f27fa1576700772d3986d0b80b71b1f.jpg, 1
PXL_20220916_125000710_jpg.rf.7fd34e0e17249ef56dd627cdc89b72c0.jpg, 1
xyzabc-31-_png.rf.803abb45dcaeb7d05aedce41483d90f6.jpg, 1
selfieincar85_jpeg_jpg.rf.812fd05569bb7c816a5ef5688f7f70cf.jpg, 1
frame189-25-_jpg.rf.7ed92472089810cdc14173914c932c8d.jpg, 1
N11_jpeg.rf.7fd1466b5a9caab6205f0a5d5f035f0a.jpg, 1
82-3-_jpeg.rf.81f00faf127232b8e277279e70e1f051.jpg, 1
WhatsApp-Image-2021-12-19-at-11-40-35-AM-1-_jpeg.rf.81a1bfcc2f3b27d621fefea1e65fe852.jpg, 1
xyzabc-29-_png.rf.8293caf6264fe9f799bf9ba6826c6c20.jpg, 1
xyzabc-21-_png.rf.817e8d86244e01bd6d993f846f6cf90a.jpg, 1
frame4-16-_jpg.rf.8027dea8981f5d27b04379a4716dd088.jpg, 1
abc-211-_png.rf.825fcf98ec90ce00bf029b15a8552e0c.jpg, 1
abc-178-_png.rf.82af7cf76192921524fb8a38f3fea971.jpg, 1
n10_PNG_jpg.rf.82019e38da0167515d9ae0a83081e12b.jpg, 1
abc-144-_png.rf.82d7f0583a4884dabfa3ab0c05e2801f.jpg, 1
frame23-158-_jpg.rf.815b99adaf08ff0f531df74598d1ac9f.jpg, 1
frame47-160-_jpg.rf.8377eba99a852bb755ad05b69f44aa8e.jpg, 1
frame5-37-_jpg.rf.8359f379ca81642cb18b6f1b77b2b2e4.jpg, 1
WhatsApp-Image-2022-01-08-at-12-06-55-AM-2-_jpeg.rf.83a0979e677e4874ffc814a34d11f234.jpg, 1
WhatsApp-Image-2021-12-19-at-11-41-24-AM_jpeg.rf.839cf57f56542cba354a1aa0417a2f84.jpg, 1
WhatsApp-Image-2022-01-08-at-12-16-12-AM_jpeg.rf.8140efb86de5d7142c4d3f5f30799f48.jpg, 1
xyzabc-65-_jpeg.rf.839141431f953dcd72b3bd4030295ca8.jpg, 1
frame36-148-_jpg.rf.83f1ed651f42158470453071a94760a3.jpg, 1
N81_jpeg.rf.84f37bc5f700d78e8ee7321b3d6ff1b4.jpg, 1
160_jpeg.rf.8414c5b960590e9acab277d03844e8b6.jpg, 1
-101k_PNG_jpg.rf.851b544ec2bbaf175103808ca8a8ef66.jpg, 1
xyzabc-39-_png.rf.84f61f8b8bba26f7238a38fd843fbafc.jpg, 1
WhatsApp-Image-2022-01-08-at-12-16-38-AM-4-_jpeg.rf.84dcb1816deaa9bde45d70e3090ee837.jpg, 1